model_name,sample_size,train_runtime,train_samples_per_second,train_steps_per_second,total_flos,train_loss,epoch,train_peak_memory_gb,eval_in_loss,eval_in_accuracy,eval_in_runtime,eval_in_samples_per_second,eval_in_steps_per_second,eval_in_peak_memory_gb,eval_out_loss,eval_out_accuracy,eval_out_runtime,eval_out_samples_per_second,eval_out_steps_per_second,eval_out_peak_memory_gb,finetuning_method
opt-125m,2,76.6694,1.043,0.522,20903740047360.0,0.0910422345586994,40.0,2.501254081726074,1.651294827461243,0.52,2.3888,20.931,2.93,1.9606671333312988,1.3591598272323608,0.46,2.3738,21.063,2.949,1.9606671333312988,fewshot
opt-125m,2,74.3417,1.076,0.538,20903740047360.0,0.0498396001501532,40.0,2.509810447692871,3.659077405929565,0.5,2.5261,19.794,2.771,1.970322132110596,2.7978763580322266,0.46,2.4061,20.78,2.909,1.970322132110596,fewshot
opt-125m,2,74.1056,1.08,0.54,20903740047360.0,0.0835376810998241,40.0,2.509793281555176,3.068191766738892,0.5,2.3941,20.884,2.924,1.9689679145812988,2.241699457168579,0.54,2.4005,20.829,2.916,1.9689679145812988,fewshot
opt-125m,2,74.1444,1.079,0.539,20903740047360.0,0.1614820058010082,40.0,2.503951072692871,3.0835771560668945,0.5,2.3644,21.147,2.961,1.964462757110596,2.3465769290924072,0.54,2.4877,20.099,2.814,1.964462757110596,fewshot
opt-125m,2,74.8613,1.069,0.534,20903740047360.0,0.1133302556212584,40.0,2.507845878601074,0.8743894100189209,0.5,2.3876,20.941,2.932,1.9672589302062988,0.6655565500259399,0.62,2.4028,20.809,2.913,1.9672589302062988,fewshot
opt-125m,2,74.4693,1.074,0.537,20903740047360.0,0.0911409564767382,40.0,2.5058984756469727,1.4284957647323608,0.54,2.3149,21.599,3.024,1.965195178985596,0.9019846320152284,0.46,2.3264,21.493,3.009,1.965195178985596,fewshot
opt-125m,2,74.0566,1.08,0.54,20903740047360.0,0.1119200589285355,40.0,2.5049219131469727,3.0923309326171875,0.5,2.3359,21.405,2.997,1.9643349647521973,2.407954454421997,0.54,2.3252,21.504,3.011,1.9643349647521973,fewshot
opt-125m,2,73.7771,1.084,0.542,20903740047360.0,0.0716719034739071,40.0,2.506625175476074,1.1013184785842896,0.5,2.3198,21.554,3.018,1.9666543006896973,0.7585542798042297,0.5,2.3195,21.557,3.018,1.9666543006896973,fewshot
opt-125m,2,72.8753,1.098,0.549,20903740047360.0,0.0826550139207029,40.0,2.504672050476074,2.8509795665740967,0.5,2.4463,20.439,2.861,1.9640908241271973,2.5146594047546387,0.54,2.3081,21.663,3.033,1.9640908241271973,fewshot
opt-125m,2,72.9848,1.096,0.548,20903740047360.0,0.0686964275242644,40.0,2.506863594055176,3.2965588569641118,0.5,2.2699,22.027,3.084,1.9664044380187988,3.2080578804016118,0.46,2.322,21.533,3.015,1.9664044380187988,fewshot
opt-125m,4,76.6865,2.086,0.522,41807480094720.0,0.0919229912662558,40.0,3.5672483444213867,2.02266263961792,0.5,2.281,21.92,3.069,1.9687294960021973,1.3133018016815186,0.54,2.3071,21.672,3.034,1.9687294960021973,fewshot
opt-125m,4,76.5579,2.09,0.522,41807480094720.0,0.1149063898050371,40.0,3.5628538131713867,2.1557531356811523,0.5,2.3292,21.467,3.005,1.9656777381896973,1.911993741989136,0.54,2.3385,21.381,2.993,1.9656777381896973,fewshot
opt-125m,4,76.8734,2.081,0.52,41807480094720.0,0.1109420543943997,40.0,3.5630979537963867,2.423065662384033,0.5,2.3354,21.409,2.997,1.9650673866271973,1.4038910865783691,0.54,2.315,21.598,3.024,1.9650673866271973,fewshot
opt-125m,4,76.2049,2.1,0.525,41807480094720.0,0.1150168278902128,40.0,3.557488441467285,0.7683770060539246,0.54,2.2974,21.764,3.047,1.960800647735596,0.7793896198272705,0.5,2.3095,21.65,3.031,1.960800647735596,fewshot
opt-125m,4,76.8077,2.083,0.521,41807480094720.0,0.0924024891381122,40.0,3.5616331100463867,2.1842432022094727,0.5,2.2935,21.801,3.052,1.9643349647521973,2.100669860839844,0.46,2.3067,21.676,3.035,1.9643349647521973,fewshot
opt-125m,4,77.0925,2.075,0.519,41807480094720.0,0.0726206616927811,40.0,3.561638832092285,1.53071928024292,0.48,2.3196,21.556,3.018,1.963730335235596,2.412126302719116,0.46,2.2783,21.946,3.072,1.963730335235596,fewshot
opt-125m,4,76.6262,2.088,0.522,41807480094720.0,0.1344073404055961,40.0,3.5599184036254883,0.8670480251312256,0.56,2.3378,21.387,2.994,1.9628643989562988,0.8240950107574463,0.48,2.314,21.608,3.025,1.9628643989562988,fewshot
opt-125m,4,77.3953,2.067,0.517,41807480094720.0,0.085461916110944,40.0,3.561638832092285,1.0300610065460205,0.58,2.3632,21.157,2.962,1.963730335235596,0.9508508443832396,0.46,2.2786,21.944,3.072,1.963730335235596,fewshot
opt-125m,4,76.5638,2.09,0.522,41807480094720.0,0.055551273049059,40.0,3.558465003967285,2.734781503677368,0.5,2.3323,21.438,3.001,1.962143421173096,1.797690749168396,0.46,2.3288,21.47,3.006,1.962143421173096,fewshot
opt-125m,4,76.984,2.078,0.52,41807480094720.0,0.0874678504347684,40.0,3.561638832092285,2.482599258422852,0.5,2.2783,21.946,3.073,1.964462757110596,2.2859082221984863,0.46,2.3317,21.443,3.002,1.964462757110596,fewshot
opt-125m,8,82.8868,3.861,0.483,83614960189440.0,0.1274457356223138,40.0,5.667632102966309,0.6119036674499512,0.68,2.302,21.721,3.041,1.965805530548096,0.9899230003356934,0.46,2.3538,21.242,2.974,1.965805530548096,fewshot
opt-125m,8,84.372,3.793,0.474,83614960189440.0,0.1144316718491609,40.0,5.667143821716309,1.1870166063308716,0.54,2.4376,20.512,2.872,1.966660022735596,0.96088045835495,0.48,2.3712,21.086,2.952,1.966660022735596,fewshot
opt-125m,8,83.5888,3.828,0.479,83614960189440.0,0.1622966493203421,40.0,5.670062065124512,0.9172869324684144,0.56,2.3219,21.534,3.015,1.9672646522521973,0.7478668093681335,0.54,2.3014,21.726,3.042,1.9672646522521973,fewshot
opt-125m,8,85.7024,3.734,0.467,83614960189440.0,0.0974791197870217,40.0,5.669085502624512,2.7278499603271484,0.5,2.3202,21.55,3.017,1.9686074256896973,2.612584114074707,0.46,2.3439,21.332,2.987,1.9686074256896973,fewshot
opt-125m,8,83.3528,3.839,0.48,83614960189440.0,0.1330087346563232,40.0,5.66616153717041,0.7857147455215454,0.6,2.3112,21.634,3.029,1.965317249298096,0.8609684705734253,0.5,2.4353,20.532,2.874,1.965317249298096,fewshot
opt-125m,8,83.3376,3.84,0.48,83614960189440.0,0.1039121137895563,40.0,5.667387962341309,1.383877515792847,0.62,2.3116,21.63,3.028,1.966660022735596,1.420020580291748,0.44,2.3063,21.679,3.035,1.966660022735596,fewshot
opt-125m,8,84.243,3.799,0.475,83614960189440.0,0.0768352250910538,40.0,5.66616153717041,1.4416691064834597,0.58,2.4452,20.448,2.863,1.965317249298096,1.0013431310653689,0.44,2.4603,20.323,2.845,1.965317249298096,fewshot
opt-125m,8,85.2623,3.753,0.469,83614960189440.0,0.1522572407047846,40.0,5.66957950592041,1.5243215560913086,0.46,2.338,21.386,2.994,1.968124866485596,1.0511786937713623,0.54,2.419,20.67,2.894,1.968124866485596,fewshot
opt-125m,8,86.7795,3.688,0.461,83614960189440.0,0.116523175581824,40.0,5.66640567779541,0.8573195934295654,0.54,2.3872,20.945,2.932,1.966049671173096,0.7637326121330261,0.6,2.3379,21.386,2.994,1.966049671173096,fewshot
opt-125m,8,85.1593,3.758,0.47,83614960189440.0,0.1368692083524365,40.0,5.670073509216309,1.6968246698379517,0.44,2.3947,20.879,2.923,1.968857288360596,0.8947157859802246,0.54,2.4095,20.751,2.905,1.968857288360596,fewshot
opt-125m,16,102.1258,6.267,0.783,167229920378880.0,0.0925621465315998,40.0,5.66542911529541,0.880422055721283,0.58,2.3834,20.978,2.937,1.964584827423096,1.1494026184082031,0.46,2.3296,21.463,3.005,1.964584827423096,fewshot
opt-125m,16,102.5944,6.238,0.78,167229920378880.0,0.1141007138046916,40.0,5.67080020904541,0.8719920516014099,0.64,2.4014,20.822,2.915,1.968857288360596,0.8737753033638,0.48,2.5673,19.475,2.727,1.968857288360596,fewshot
opt-125m,16,104.368,6.132,0.767,167229920378880.0,0.1069266972939658,40.0,5.66567325592041,1.2339309453964231,0.6,2.3671,21.123,2.957,1.965317249298096,1.0251389741897583,0.56,2.551,19.601,2.744,1.965317249298096,fewshot
opt-125m,16,102.6465,6.235,0.779,167229920378880.0,0.0773683024163801,40.0,5.671282768249512,2.4527273178100586,0.54,2.4118,20.731,2.902,1.9700722694396973,1.780989408493042,0.46,2.3677,21.117,2.956,1.9700722694396973,fewshot
opt-125m,16,102.1524,6.265,0.783,167229920378880.0,0.0929671125897584,40.0,5.66542911529541,1.0890841484069824,0.6,2.4123,20.727,2.902,1.965317249298096,1.5289098024368286,0.46,2.3796,21.012,2.942,1.965317249298096,fewshot
opt-125m,16,102.2072,6.262,0.783,167229920378880.0,0.0880511792825927,40.0,5.67080020904541,1.5014020204544067,0.54,2.3903,20.918,2.928,1.970322132110596,0.8621004223823547,0.52,2.4205,20.657,2.892,1.970322132110596,fewshot
opt-125m,16,102.8472,6.223,0.778,167229920378880.0,0.099093798292597,40.0,5.664690971374512,1.079645037651062,0.62,2.371,21.088,2.952,1.9650673866271973,1.6370360851287842,0.46,2.418,20.679,2.895,1.9650673866271973,fewshot
opt-125m,16,101.6613,6.295,0.787,167229920378880.0,0.1238006997784395,40.0,5.669817924499512,1.6006033420562744,0.54,2.4025,20.811,2.914,1.9686074256896973,1.7788376808166504,0.54,2.3654,21.138,2.959,1.9686074256896973,fewshot
opt-125m,16,101.2927,6.318,0.79,167229920378880.0,0.0988763343146274,40.0,5.666167259216309,1.007778525352478,0.64,2.4544,20.371,2.852,1.966049671173096,2.211786985397339,0.46,2.3934,20.891,2.925,1.966049671173096,fewshot
opt-125m,16,100.626,6.36,0.795,167229920378880.0,0.0945524968508834,40.0,5.668108940124512,1.6612656116485596,0.54,2.3832,20.98,2.937,1.9678750038146973,0.8224455118179321,0.44,2.3556,21.226,2.972,1.9678750038146973,fewshot
opt-350m,2,179.384,0.446,0.223,74553501941760.0,0.0537055839004682,40.0,6.504080772399902,3.862270593643189,0.48,12.4029,4.031,0.564,4.794731616973877,1.2294542789459229,0.56,12.5678,3.978,0.557,4.794731616973877,fewshot
opt-350m,2,212.2038,0.377,0.188,74553501941760.0,0.0210820966222779,40.0,6.505293846130371,10.111700057983398,0.5,16.5275,3.025,0.424,4.795944690704346,8.341504096984863,0.46,16.2669,3.074,0.43,4.795944690704346,fewshot
opt-350m,2,211.4534,0.378,0.189,74553501941760.0,0.0778581414271555,40.0,6.503836631774902,8.323565483093262,0.5,16.5919,3.014,0.422,4.796440601348877,7.603822231292725,0.54,16.3361,3.061,0.428,4.796440601348877,fewshot
opt-350m,2,212.3075,0.377,0.188,74553501941760.0,0.0234671833389227,40.0,6.502852439880371,7.266726016998291,0.5,16.2645,3.074,0.43,4.795456409454346,5.9048333168029785,0.54,16.4184,3.045,0.426,4.795456409454346,fewshot
opt-350m,2,195.5086,0.409,0.205,74553501941760.0,0.0548507594340069,40.0,6.502852439880371,1.903283715248108,0.44,14.3092,3.494,0.489,4.795456409454346,0.9551344513893129,0.56,14.2385,3.512,0.492,4.795456409454346,fewshot
opt-350m,2,196.1019,0.408,0.204,74553501941760.0,0.0934871780899651,40.0,6.503836631774902,2.3737268447875977,0.44,14.3783,3.477,0.487,4.794487476348877,0.8707536458969116,0.62,14.3927,3.474,0.486,4.794487476348877,fewshot
opt-350m,2,175.919,0.455,0.227,74553501941760.0,0.0424688225492287,40.0,6.503836631774902,8.16798210144043,0.5,11.7798,4.245,0.594,4.794487476348877,6.7218017578125,0.54,11.7271,4.264,0.597,4.794487476348877,fewshot
opt-350m,2,175.4877,0.456,0.228,74553501941760.0,0.0472123771920926,40.0,6.502852439880371,1.7899113893508911,0.44,11.6464,4.293,0.601,4.795456409454346,0.7463599443435669,0.5,11.779,4.245,0.594,4.795456409454346,fewshot
opt-350m,2,172.0319,0.465,0.233,74553501941760.0,0.0368971122774643,40.0,6.502852439880371,8.00939655303955,0.5,11.7605,4.252,0.595,4.795456409454346,7.987216949462891,0.54,11.7622,4.251,0.595,4.795456409454346,fewshot
opt-350m,2,176.7036,0.453,0.226,74553501941760.0,0.035953997676703,40.0,6.502852439880371,9.135858535766602,0.5,12.4293,4.023,0.563,4.795456409454346,7.787524223327637,0.46,12.5329,3.989,0.559,4.795456409454346,fewshot
opt-350m,4,378.6854,0.423,0.106,149107003883520.0,0.1059671204494482,40.0,9.243460655212402,6.146905899047852,0.5,13.284,3.764,0.527,4.797409534454346,5.738714694976807,0.54,13.2139,3.784,0.53,4.797409534454346,fewshot
opt-350m,4,402.4485,0.398,0.099,149107003883520.0,0.0372237284145178,40.0,9.243460655212402,1.641188383102417,0.54,17.018,2.938,0.411,4.797409534454346,1.5868139266967771,0.52,17.1499,2.915,0.408,4.797409534454346,fewshot
opt-350m,4,519.049,0.308,0.077,149107003883520.0,0.0465996261031932,40.0,9.243460655212402,3.8698697090148926,0.52,29.6859,1.684,0.236,4.797409534454346,1.5674378871917725,0.5,29.7177,1.682,0.236,4.797409534454346,fewshot
opt-350m,4,439.2834,0.364,0.091,149107003883520.0,0.0384415576498657,40.0,9.243460655212402,1.7922128438949585,0.44,18.8394,2.654,0.372,4.797409534454346,0.8684401512145996,0.54,18.7826,2.662,0.373,4.797409534454346,fewshot
opt-350m,4,419.1506,0.382,0.095,149107003883520.0,0.0400557150277276,40.0,9.243460655212402,5.010772705078125,0.5,23.0261,2.171,0.304,4.797409534454346,4.638939380645752,0.46,23.0429,2.17,0.304,4.797409534454346,fewshot
opt-350m,4,446.6063,0.358,0.09,149107003883520.0,0.0590690313940251,40.0,9.243460655212402,2.2830395698547363,0.5,21.075,2.372,0.332,4.797409534454346,3.6986048221588135,0.46,21.1959,2.359,0.33,4.797409534454346,fewshot
opt-350m,4,489.2048,0.327,0.082,149107003883520.0,0.1078892665624295,40.0,9.243460655212402,1.6293030977249146,0.48,29.8847,1.673,0.234,4.797409534454346,0.8478844165802002,0.52,29.9414,1.67,0.234,4.797409534454346,fewshot
opt-350m,4,422.3879,0.379,0.095,149107003883520.0,0.0791094636009795,40.0,9.243460655212402,1.528545379638672,0.44,20.1419,2.482,0.348,4.797409534454346,0.9498306512832642,0.56,19.9996,2.5,0.35,4.797409534454346,fewshot
opt-350m,4,476.3324,0.336,0.084,149107003883520.0,0.0575972316901139,40.0,9.243460655212402,7.0978217124938965,0.48,27.9285,1.79,0.251,4.797409534454346,0.7820982336997986,0.6,27.8806,1.793,0.251,4.797409534454346,fewshot
opt-350m,4,434.8599,0.368,0.092,149107003883520.0,0.0221136278380869,40.0,9.243460655212402,5.201329231262207,0.52,20.9622,2.385,0.334,4.796432971954346,3.0622212886810303,0.46,20.7228,2.413,0.338,4.796432971954346,fewshot
opt-350m,8,616.1801,0.519,0.13,298214007767040.0,0.0513562600753482,40.0,9.243460655212402,1.121846318244934,0.58,17.1134,2.922,0.76,4.263199329376221,0.8708092570304871,0.64,16.8902,2.96,0.77,4.263199329376221,fewshot
opt-350m,8,589.5111,0.543,0.136,298214007767040.0,0.0560022356184834,40.0,9.243460655212402,1.3212921619415283,0.56,10.618,4.709,1.224,4.263199329376221,0.8129022121429443,0.54,10.7842,4.636,1.205,4.263199329376221,fewshot
opt-350m,8,612.0832,0.523,0.131,298214007767040.0,0.0360896790528215,40.0,9.243460655212402,1.8969310522079468,0.54,12.2289,4.089,1.063,4.263199329376221,1.504125714302063,0.44,12.1819,4.104,1.067,4.263199329376221,fewshot
opt-350m,8,605.3345,0.529,0.132,298214007767040.0,0.0421889262070308,40.0,9.243460655212402,5.723161697387695,0.5,17.2884,2.892,0.752,4.263199329376221,5.54438066482544,0.46,17.1876,2.909,0.756,4.263199329376221,fewshot
opt-350m,8,667.9395,0.479,0.12,298214007767040.0,0.0529953718893226,40.0,9.243460655212402,1.7607998847961426,0.48,21.7947,2.294,0.596,4.263199329376221,2.254488468170166,0.52,21.5779,2.317,0.602,4.263199329376221,fewshot
opt-350m,8,641.243,0.499,0.125,298214007767040.0,0.0375488376428279,40.0,9.243460655212402,2.6741843223571777,0.48,19.4419,2.572,0.669,4.263199329376221,2.1051294803619385,0.46,19.7026,2.538,0.66,4.263199329376221,fewshot
opt-350m,8,575.1351,0.556,0.139,298214007767040.0,0.0501926639149548,40.0,9.243460655212402,2.6565661430358887,0.46,18.7137,2.672,0.695,4.261246204376221,2.2835946083068848,0.54,18.6636,2.679,0.697,4.261246204376221,fewshot
opt-350m,8,551.1268,0.581,0.145,298214007767040.0,0.0383368173928634,40.0,9.243460655212402,4.658231258392334,0.44,12.5494,3.984,1.036,4.263199329376221,1.2319560050964355,0.48,12.5952,3.97,1.032,4.263199329376221,fewshot
opt-350m,8,564.5107,0.567,0.142,298214007767040.0,0.0543301784010633,40.0,9.243460655212402,2.439480781555176,0.48,15.715,3.182,0.827,4.263199329376221,2.0439600944519043,0.48,15.6486,3.195,0.831,4.263199329376221,fewshot
opt-350m,8,553.4537,0.578,0.145,298214007767040.0,0.0247586492207796,40.0,9.243460655212402,6.784378528594971,0.44,18.0563,2.769,0.72,4.263199329376221,4.124746799468994,0.54,17.7266,2.821,0.733,4.263199329376221,fewshot
opt-350m,16,578.5675,1.106,0.553,596428015534080.0,0.0571189545168883,40.0,6.502852439880371,1.6758835315704346,0.5,12.8003,3.906,1.953,3.994629383087158,1.1500297784805298,0.46,12.6414,3.955,1.978,3.994629383087158,fewshot
opt-350m,16,437.0735,1.464,0.732,596428015534080.0,0.0291229419093923,40.0,6.502852439880371,1.53178071975708,0.52,5.43,9.208,4.604,3.994629383087158,1.1722509860992432,0.54,5.3004,9.433,4.717,3.994629383087158,fewshot
opt-350m,16,428.0273,1.495,0.748,596428015534080.0,0.0380580878265917,40.0,6.502860069274902,2.024996757507324,0.36,4.9888,10.022,5.011,3.9946370124816895,1.2061320543289185,0.48,4.8736,10.259,5.13,3.9946370124816895,fewshot
opt-350m,16,447.37,1.431,0.715,596428015534080.0,0.0419337421858373,40.0,6.502852439880371,3.8043909072875977,0.5,6.203,8.061,4.03,3.994629383087158,1.6793243885040283,0.54,6.0629,8.247,4.123,3.994629383087158,fewshot
opt-350m,16,433.7739,1.475,0.738,596428015534080.0,0.0532280527259831,40.0,6.502852439880371,2.3133254051208496,0.56,5.8376,8.565,4.283,3.994629383087158,1.919178366661072,0.42,5.7715,8.663,4.332,3.994629383087158,fewshot
opt-350m,16,415.37,1.541,0.77,596428015534080.0,0.0315606606671034,40.0,6.501875877380371,2.605842351913452,0.46,5.3129,9.411,4.706,3.994629383087158,1.204371452331543,0.5,5.1916,9.631,4.815,3.994629383087158,fewshot
opt-350m,16,430.3843,1.487,0.744,596428015534080.0,0.0323773926105231,40.0,6.502860069274902,1.6216524839401243,0.42,6.4182,7.79,3.895,3.9946370124816895,1.2212331295013428,0.56,6.325,7.905,3.953,3.9946370124816895,fewshot
opt-350m,16,395.197,1.619,0.81,596428015534080.0,0.0493890065350444,40.0,6.502852439880371,1.865696907043457,0.58,4.3691,11.444,5.722,3.994629383087158,1.590091109275818,0.54,4.2804,11.681,5.841,3.994629383087158,fewshot
opt-350m,16,401.025,1.596,0.798,596428015534080.0,0.0604777186437335,40.0,6.502852439880371,1.664461374282837,0.68,4.4025,11.357,5.679,3.994629383087158,3.5690457820892334,0.46,4.2931,11.646,5.823,3.994629383087158,fewshot
opt-350m,16,413.5587,1.548,0.774,596428015534080.0,0.0723071863187344,40.0,6.502852439880371,2.348245620727539,0.5,4.2848,11.669,5.835,3.994629383087158,1.181236982345581,0.54,4.2854,11.667,5.834,3.994629383087158,fewshot
opt-125m,2,,,,,,,,0.7108021247386932,0.58,3.782561779022217,13.218554757597344,,3.716986656188965,0.7732616442441941,0.54,3.737440347671509,13.37813994306314,,3.716986656188965,icl
opt-125m,2,,,,,,,,0.7411929666996002,0.5,3.7354483604431152,13.385274048887878,,3.7184338569641113,0.7788479083776474,0.5,3.6653995513916016,13.641077677607358,,3.717555046081543,icl
opt-125m,2,,,,,,,,0.699963207244873,0.52,3.361722469329834,14.873327722965662,,3.717951774597168,0.6931471824645996,0.46,3.299437999725342,15.15409594123672,,3.717951774597168,icl
opt-125m,2,,,,,,,,0.7908021223545074,0.42,3.3809988498687744,14.788529135980223,,3.717310905456543,0.6931471824645996,0.46,3.320896625518799,15.056174773940418,,3.717310905456543,icl
opt-125m,2,,,,,,,,0.7348250168561935,0.58,3.3929688930511475,14.73635673536553,,3.717951774597168,0.6931471824645996,0.46,3.313682794570923,15.088951809726352,,3.717951774597168,icl
opt-125m,2,,,,,,,,0.7320318847894669,0.6,3.3792686462402344,14.796100942027758,,3.717310905456543,0.6495723658800125,0.6,3.312976837158203,15.09216709250792,,3.717310905456543,icl
opt-125m,2,,,,,,,,0.7439860987663269,0.48,3.349304437637329,14.928472741424208,,3.717951774597168,0.6931471824645996,0.46,3.3341493606567383,14.996328775790458,,3.717951774597168,icl
opt-125m,2,,,,,,,,0.7844341725111008,0.5,3.418851375579834,14.624794852780065,,3.717310905456543,0.6867792326211929,0.54,3.3184189796447754,15.067416232459085,,3.717310905456543,icl
opt-125m,2,,,,,,,,0.842422724366188,0.36,3.3268396854400635,15.02927845270854,,3.717951774597168,0.6675609189271927,0.54,3.318333625793457,15.067803795058234,,3.717951774597168,icl
opt-125m,2,,,,,,,,0.7996295934915543,0.46,3.3894290924072266,14.751746868523275,,3.717310905456543,0.7808593547344208,0.52,3.3512039184570312,14.920011200936145,,3.717310905456543,icl
opt-125m,4,,,,,,,,0.8176181465387344,0.4,3.5243306159973145,14.187091237423822,,3.717951774597168,0.6931471824645996,0.46,3.5411946773529053,14.119528734120806,,3.717951774597168,icl
opt-125m,4,,,,,,,,0.7611929661035538,0.46,3.5823073387146,13.95748473606426,,3.717310905456543,0.6931471824645996,0.46,3.567392110824585,14.015840829014657,,3.717310905456543,icl
opt-125m,4,,,,,,,,0.8252158570289612,0.38,3.3724844455718994,14.825865265487115,,3.717951774597168,0.6931471824645996,0.46,3.327868938446045,15.024630153658515,,3.717951774597168,icl
opt-125m,4,,,,,,,,0.8008593541383743,0.52,3.4036569595336914,14.690082048353696,,3.717310905456543,0.7732616442441941,0.54,3.35686993598938,14.894827906182597,,3.717310905456543,icl
opt-125m,4,,,,,,,,1.0032044053077698,0.0,3.080193281173706,16.232747569966623,,3.717951774597168,0.9783998274803162,0.0,3.0902936458587646,16.17969220077319,,3.717951774597168,icl
opt-125m,4,,,,,,,,0.8008593541383743,0.52,3.558263063430786,14.051799742931676,,3.717310905456543,0.7732616442441941,0.54,3.5735464096069336,13.991702994421072,,3.717310905456543,icl
opt-125m,4,,,,,,,,0.7548250162601471,0.54,3.530192375183105,14.163534075790016,,3.717951774597168,0.7055494713783265,0.44,3.521430015563965,14.198777138551876,,3.717951774597168,icl
opt-125m,4,,,,,,,,0.7515838092565537,0.46,3.387624979019165,14.759603058091963,,3.717310905456543,0.7788479083776474,0.5,3.339463472366333,14.972465012342283,,3.717310905456543,icl
opt-125m,4,,,,,,,,0.8148250144720077,0.42,3.3550195693969727,14.90304272919247,,3.717951774597168,0.7292387527227402,0.58,3.3383586406707764,14.977420158174947,,3.717951774597168,icl
opt-125m,4,,,,,,,,0.8008593541383743,0.52,3.3602957725524902,14.87964256254141,,3.717310905456543,0.7732616442441941,0.54,3.342592000961304,14.958451401074491,,3.717310905456543,icl
opt-125m,8,,,,,,,,0.7199632066488266,0.48,3.694136381149292,13.534963206865788,,3.717951774597168,0.6399632090330124,0.6,3.6671676635742183,13.634500679270092,,3.717951774597168,icl
opt-125m,8,,,,,,,,0.8132616430521011,0.5,3.739290714263916,13.371519847138329,,3.717310905456543,0.7732616442441941,0.54,3.733021259307861,13.393976762208553,,3.717310905456543,icl
opt-125m,8,,,,,,,,0.7419746524095535,0.46,3.385166883468628,14.770320554704012,,3.717951774597168,0.6931471824645996,0.46,3.3720741271972656,14.827669296095223,,3.717951774597168,icl
opt-125m,8,,,,,,,,0.7583998340368271,0.48,3.456439733505249,14.46575200352009,,3.717310905456543,0.837618145942688,0.32,3.383684635162353,14.7767908038513,,3.717310905456543,icl
opt-125m,8,,,,,,,,0.7908021223545074,0.42,3.3625667095184326,14.869593474075852,,3.717951774597168,0.6931471824645996,0.46,3.361952781677246,14.87230881781019,,3.717951774597168,icl
opt-125m,8,,,,,,,,0.7459975451231002,0.5,3.415696859359741,14.638301365353689,,3.717310905456543,0.7576181483268738,0.48,3.36514663696289,14.858193533321318,,3.717310905456543,icl
opt-125m,8,,,,,,,,0.7399632060527801,0.44,3.3877086639404297,14.759238458788325,,3.717951774597168,0.6931471824645996,0.46,3.34477972984314,14.948667487393813,,3.717951774597168,icl
opt-125m,8,,,,,,,,0.7303540492057801,0.44,3.401653289794922,14.69873492104611,,3.717310905456543,0.6931471824645996,0.46,3.4029548168182373,14.69311310067584,,3.717310905456543,icl
opt-125m,8,,,,,,,,0.7583998340368271,0.48,3.362539052963257,14.869715775029352,,3.717951774597168,0.7892387509346008,0.46,3.352031946182251,14.916325620627449,,3.717951774597168,icl
opt-125m,8,,,,,,,,0.757170073390007,0.42,3.427654981613159,14.58723245723771,,3.717310905456543,0.6931471824645996,0.46,3.41550350189209,14.639130064513608,,3.717310905456543,icl
opt-125m,16,,,,,,,,0.6931471824645996,0.5,3.694381713867188,13.534064390888627,,3.717951774597168,0.6931471824645996,0.46,3.727832317352295,13.412620457003996,,3.717951774597168,icl
opt-125m,16,,,,,,,,0.8132616430521011,0.5,3.736384630203247,13.381919943632829,,3.717310905456543,0.7732616442441941,0.54,3.737757682800293,13.377004140766148,,3.717310905456543,icl
opt-125m,16,,,,,,,,1.0032044053077698,0.0,3.1094460487365723,16.08003458375358,,3.717951774597168,0.9783998274803162,0.0,3.1028077602386475,16.114436943445806,,3.717951774597168,icl
opt-125m,16,,,,,,,,0.8132616430521011,0.5,3.461071252822876,14.446394294604486,,3.717310905456543,0.7732616442441941,0.54,3.4186716079711914,14.62556388376609,,3.717310905456543,icl
opt-125m,16,,,,,,,,0.8132616430521011,0.5,3.4099278450012207,14.663066866150096,,3.717951774597168,0.7732616442441941,0.54,3.3897430896759038,14.750380390857451,,3.717951774597168,icl
opt-125m,16,,,,,,,,0.8132616430521011,0.5,3.462833881378174,14.43904088754627,,3.717310905456543,0.7732616442441941,0.54,3.4194552898406982,14.622211949532272,,3.717310905456543,icl
opt-125m,16,,,,,,,,0.6931471824645996,0.5,3.428914785385132,14.581873020908,,3.717951774597168,0.6931471824645996,0.46,3.408155918121338,14.670690309133882,,3.717951774597168,icl
opt-125m,16,,,,,,,,0.8132616430521011,0.5,3.4293081760406494,14.580200271685156,,3.717310905456543,0.7732616442441941,0.54,3.41174840927124,14.655242415920156,,3.717310905456543,icl
opt-125m,16,,,,,,,,0.8132616430521011,0.5,3.398699760437012,14.711508378007151,,3.717951774597168,0.7732616442441941,0.54,3.3863325119018555,14.765236380144682,,3.717951774597168,icl
opt-125m,16,,,,,,,,1.0032044053077698,0.0,3.205258369445801,15.599366489961044,,3.717310905456543,0.9783998274803162,0.0,3.1680407524108887,15.782625258829087,,3.717310905456543,icl
opt-350m,2,,,,,,,,0.7108021247386932,0.58,17.7826144695282,2.811735028371595,,7.301274299621582,0.7636524873971939,0.54,17.05459427833557,2.931761329761737,,7.301274299621582,icl
opt-350m,2,,,,,,,,0.7712501978874207,0.56,64.14785099029541,0.7794493381791424,,7.299906730651855,0.7732616442441941,0.54,63.19734025001526,0.7911725367269381,,7.299906730651855,icl
opt-350m,2,,,,,,,,0.7475609165430069,0.42,24.65497255325317,2.0279884673164075,,7.300572395324707,0.6931471824645996,0.46,24.35378336906433,2.053069095765756,,7.300572395324707,icl
opt-350m,2,,,,,,,,0.7259975457191468,0.54,62.23095750808716,0.8034586322008994,,7.300694465637207,0.6931471824645996,0.46,62.16570448875427,0.80430199273371,,7.300694465637207,icl
opt-350m,2,,,,,,,,0.7796295940876007,0.5,25.152878761291504,1.9878440346536577,,7.300572395324707,0.7732616442441941,0.54,25.041503190994263,1.9966852476324832,,7.300572395324707,icl
opt-350m,2,,,,,,,,0.7712501978874207,0.56,63.69982123374939,0.7849315591722421,,7.300694465637207,0.7732616442441941,0.54,61.9375228881836,0.8072650901823355,,7.300694465637207,icl
opt-350m,2,,,,,,,,0.7419746524095535,0.46,23.52471351623535,2.125424395306365,,7.300572395324707,0.6855494719743729,0.48,23.49061393737793,2.128509715978121,,7.300572395324707,icl
opt-350m,2,,,,,,,,0.7700204372406005,0.5,55.88739728927612,0.8946560839324357,,7.300694465637207,0.7732616442441941,0.54,55.96661996841431,0.8933896674163695,,7.300694465637207,icl
opt-350m,2,,,,,,,,0.7383998346328735,0.52,24.080155611038208,2.0763985419213937,,7.300572395324707,0.6931471824645996,0.46,23.900508880615234,2.0920056660614885,,7.300572395324707,icl
opt-350m,2,,,,,,,,0.7383998346328735,0.52,55.34305381774902,0.903455746490891,,7.300694465637207,0.7636524873971939,0.54,55.47252178192139,0.9013471606097976,,7.300694465637207,icl
opt-350m,4,,,,,,,,0.7776181477308274,0.48,24.672138690948486,2.026577453471579,,7.300572395324707,0.7432044130563736,0.48,24.38177967071533,2.0507116656481976,,7.300572395324707,icl
opt-350m,4,,,,,,,,0.6991815215349197,0.56,55.29981589317322,0.9041621421776292,,7.300694465637207,0.7067792320251465,0.5,55.08898329734802,0.9076224865164102,,7.300694465637207,icl
opt-350m,4,,,,,,,,0.7940433293581008,0.5,24.71471858024597,2.0230859533219245,,7.300572395324707,0.7712501978874207,0.52,24.567224264144897,2.0352319603714224,,7.300572395324707,icl
opt-350m,4,,,,,,,,0.8084570646286011,0.5,54.4909257888794,0.9175839697369224,,7.300694465637207,0.7732616442441941,0.54,54.63327932357788,0.9151930951071736,,7.300694465637207,icl
opt-350m,4,,,,,,,,1.0032044053077698,0.0,24.39886975288391,2.049275253583829,,7.300576210021973,0.9783998274803162,0.0,24.237054109573364,2.0629569820636973,,7.300572395324707,icl
opt-350m,4,,,,,,,,0.8236524856090546,0.46,55.07552123069763,0.9078443359721002,,7.300694465637207,0.7732616442441941,0.54,54.687336444854736,0.914288448668892,,7.300694465637207,icl
opt-350m,4,,,,,,,,0.7864456188678741,0.52,24.7498037815094,2.0202180365306592,,7.300572395324707,0.6931471824645996,0.46,24.592562913894653,2.0331349837373107,,7.300572395324707,icl
opt-350m,4,,,,,,,,0.7176181495189666,0.6,54.38079023361206,0.919442321180093,,7.300694465637207,0.7732616442441941,0.54,54.25121855735779,0.9216382844403184,,7.300694465637207,icl
opt-350m,4,,,,,,,,0.7884570652246475,0.54,24.69538426399231,2.024669851884171,,7.300572395324707,0.7732616442441941,0.54,24.4341938495636,2.046312651354078,,7.300572395324707,icl
opt-350m,4,,,,,,,,0.7432044130563736,0.52,54.59124064445496,0.9158978511890384,,7.300694465637207,0.7700204372406005,0.46,54.38486051559448,0.9193735081045734,,7.300694465637207,icl
opt-350m,8,,,,,,,,0.7059975463151932,0.58,24.794607400894165,2.016567521782856,,7.300572395324707,0.7211929672956466,0.5,24.55758023262024,2.036031218319473,,7.300572395324707,icl
opt-350m,8,,,,,,,,0.8132616430521011,0.5,54.720749616622925,0.9137301727462288,,7.300694465637207,0.7732616442441941,0.54,54.28714108467102,0.9210284240611526,,7.300694465637207,icl
opt-350m,8,,,,,,,,0.7252158600091935,0.58,24.814202785491943,2.014975070213957,,7.300572395324707,0.7315838098526001,0.46,24.59472942352295,2.032955888190373,,7.300572395324707,icl
opt-350m,8,,,,,,,,0.7520318841934204,0.56,54.46925234794617,0.9179490785113616,,7.300694465637207,0.7360547775030136,0.6,54.49014759063721,0.9175970741652252,,7.300694465637207,icl
opt-350m,8,,,,,,,,0.6979517608880996,0.5,24.809606313705444,2.0153483843223565,,7.300572395324707,0.6931471824645996,0.46,24.66203236579895,2.027407930472895,,7.300572395324707,icl
opt-350m,8,,,,,,,,0.7935952544212341,0.4,54.34018397331238,0.92012938389307,,7.300694465637207,0.7591815197467804,0.4,54.4123899936676,0.9189083590303402,,7.300694465637207,icl
opt-350m,8,,,,,,,,0.7315838098526001,0.5,24.68863606452942,2.025223259369757,,7.300572395324707,0.6791815221309662,0.56,24.60442924499512,2.0321544345585947,,7.300572395324707,icl
opt-350m,8,,,,,,,,0.7399632060527801,0.44,54.57994318008423,0.9160874322464408,,7.300694465637207,0.7227563387155533,0.42,54.4891791343689,0.9176133829562986,,7.300694465637207,icl
opt-350m,8,,,,,,,,0.7404112809896469,0.54,24.77171540260315,2.018431068958015,,7.300572395324707,0.7732616442441941,0.54,24.58446764945984,2.0338044619444333,,7.300572395324707,icl
opt-350m,8,,,,,,,,0.7867792296409607,0.38,54.58222389221192,0.916049153635425,,7.300694465637207,0.6931471824645996,0.46,54.34858536720276,0.9199871470835568,,7.300694465637207,icl
opt-350m,16,,,,,,,,0.6931471824645996,0.5,24.802963733673096,2.0158881227616683,,7.300572395324707,0.6931471824645996,0.46,24.527846574783325,2.038499378555481,,7.300572395324707,icl
opt-350m,16,,,,,,,,0.8132616430521011,0.5,54.72426629066467,0.9136714548976864,,7.300694465637207,0.7732616442441941,0.54,54.817851543426514,0.9121116313796096,,7.300694465637207,icl
opt-350m,16,,,,,,,,1.0032044053077698,0.0,24.61512541770935,2.031271389095889,,7.300572395324707,0.9783998274803162,0.0,24.41839599609375,2.047636544513349,,7.300572395324707,icl
opt-350m,16,,,,,,,,0.8132616430521011,0.5,54.46488404273987,0.918022701760713,,7.300694465637207,0.7732616442441941,0.54,54.34955286979675,0.9199707699488012,,7.300694465637207,icl
opt-350m,16,,,,,,,,0.8132616430521011,0.5,24.079060316085812,2.076492991987645,,7.300572395324707,0.7732616442441941,0.54,24.02046227455139,2.0815586073450705,,7.300572395324707,icl
opt-350m,16,,,,,,,,0.6931471824645996,0.5,55.23421478271485,0.9052360062815114,,7.300694465637207,0.6931471824645996,0.46,55.31083917617798,0.9039819453966028,,7.300694465637207,icl
opt-350m,16,,,,,,,,0.8132616430521011,0.5,24.13042449951172,2.072072955078422,,7.300572395324707,0.7732616442441941,0.54,24.882349967956543,2.0094565048875985,,7.300572395324707,icl
opt-350m,16,,,,,,,,0.8132616430521011,0.5,55.54189896583557,0.900221291150948,,7.300694465637207,0.7732616442441941,0.54,55.35291004180908,0.9032948757749876,,7.300694465637207,icl
opt-350m,16,,,,,,,,0.6931471824645996,0.5,24.179583311080933,2.0678602834766875,,7.300572395324707,0.6931471824645996,0.46,23.934029817581177,2.0890756960314136,,7.300572395324707,icl
opt-350m,16,,,,,,,,1.0032044053077698,0.0,55.252147912979126,0.9049421948038808,,7.300694465637207,0.9783998274803162,0.0,54.94097137451172,0.9100676371221944,,7.300694465637207,icl
opt-125m,50,,,,,,,,0.7644341731071472,0.54,3.888349771499634,12.858925492373162,,5.141769886016846,0.7452158594131469,0.5,3.6944100856781006,13.533960453884646,,5.140891075134277,zeroshot
opt-350m,50,,,,,,,,0.7520318841934204,0.56,45.67260932922363,1.0947480499654196,,8.716383934020996,0.6991815215349197,0.52,48.564321517944336,1.0295624120173323,,8.716383934020996,zeroshot
opt-125m,2,72.6062,1.102,0.551,20940356321280.0,0.6975186601281166,40.0,1.5204076766967771,0.763865053653717,0.56,2.3579,21.206,2.969,1.020885944366455,0.8135073781013489,0.46,2.4241,20.627,2.888,1.020885944366455,fewshot_lora
opt-125m,2,72.3017,1.106,0.553,20940356321280.0,0.3954311065375805,40.0,1.5196752548217771,0.821978747844696,0.5,2.3876,20.941,2.932,1.020153522491455,0.8736296892166138,0.46,2.3525,21.254,2.976,1.020153522491455,fewshot_lora
opt-125m,2,72.7591,1.1,0.55,20940356321280.0,0.6342633910477161,40.0,1.5211400985717771,0.7103204131126404,0.44,2.3528,21.251,2.975,1.021618366241455,0.7171524167060852,0.52,2.4178,20.68,2.895,1.021618366241455,fewshot_lora
opt-125m,2,72.6223,1.102,0.551,20940356321280.0,1.2158010870218277,40.0,1.520401954650879,0.7040294408798218,0.42,2.3694,21.103,2.954,1.0208802223205566,0.7197412252426147,0.52,2.3359,21.405,2.997,1.0208802223205566,fewshot_lora
opt-125m,2,72.2372,1.107,0.554,20940356321280.0,0.7586250752210617,40.0,1.5211400985717771,0.7280494570732117,0.5,2.4723,20.224,2.831,1.021618366241455,0.7468773126602173,0.46,2.372,21.079,2.951,1.021618366241455,fewshot_lora
opt-125m,2,72.6612,1.101,0.551,20940356321280.0,0.6517287716269493,40.0,1.520401954650879,0.7466523051261902,0.5,2.3248,21.507,3.011,1.0208802223205566,0.784130871295929,0.46,2.3729,21.071,2.95,1.0208802223205566,fewshot_lora
opt-125m,2,72.0621,1.11,0.555,20940356321280.0,0.8658725053071976,40.0,1.5211400985717771,0.70514315366745,0.44,2.4041,20.798,2.912,1.021618366241455,0.7120581269264221,0.54,2.3976,20.854,2.92,1.021618366241455,fewshot_lora
opt-125m,2,72.4282,1.105,0.552,20940356321280.0,0.5409570582211017,40.0,1.520401954650879,0.7471736669540405,0.5,2.425,20.618,2.887,1.0208802223205566,0.7772668600082397,0.46,2.4028,20.809,2.913,1.0208802223205566,fewshot_lora
opt-125m,2,71.736,1.115,0.558,20940356321280.0,0.6250117540359497,40.0,1.5211400985717771,0.7110151648521423,0.42,2.3643,21.148,2.961,1.021618366241455,0.7147257924079895,0.54,2.448,20.425,2.859,1.021618366241455,fewshot_lora
opt-125m,2,72.2581,1.107,0.554,20940356321280.0,0.5626516059041023,40.0,1.5196752548217771,0.8177892565727234,0.5,2.3674,21.12,2.957,1.020397663116455,0.8763330578804016,0.46,2.3614,21.174,2.964,1.020397663116455,fewshot_lora
opt-125m,4,75.1043,2.13,0.533,41880712642560.0,0.7233907163143158,40.0,2.564896583557129,0.713660717010498,0.46,2.3493,21.283,2.98,1.022472858428955,0.736757755279541,0.46,2.3664,21.129,2.958,1.022472858428955,fewshot_lora
opt-125m,4,75.6043,2.116,0.529,41880712642560.0,0.8459259107708931,40.0,2.565018653869629,0.705697238445282,0.46,2.2934,21.801,3.052,1.020397663116455,0.7144421935081482,0.54,2.3274,21.483,3.008,1.020397663116455,fewshot_lora
opt-125m,4,75.2072,2.127,0.532,41880712642560.0,0.8059013664722443,40.0,2.563187599182129,0.7085283398628235,0.42,2.3449,21.322,2.985,1.0222229957580566,0.7210209369659424,0.52,2.3511,21.267,2.977,1.0222229957580566,fewshot_lora
opt-125m,4,74.944,2.135,0.534,41880712642560.0,0.7816615998744965,40.0,2.566483497619629,0.7031071186065674,0.46,2.381,21.0,2.94,1.020397663116455,0.724384605884552,0.48,2.3834,20.979,2.937,1.020397663116455,fewshot_lora
opt-125m,4,75.3373,2.124,0.531,41880712642560.0,0.6232099205255508,40.0,2.564164161682129,0.7641977071762085,0.54,2.2919,21.816,3.054,1.0222229957580566,0.8170057535171509,0.46,2.4807,20.156,2.822,1.0222229957580566,fewshot_lora
opt-125m,4,75.1039,2.13,0.533,41880712642560.0,0.5095061719417572,40.0,2.565262794494629,0.7756639122962952,0.52,2.3449,21.323,2.985,1.0208802223205566,0.8371639251708984,0.46,2.3556,21.226,2.972,1.0208802223205566,fewshot_lora
opt-125m,4,75.3219,2.124,0.531,41880712642560.0,0.8648473367094993,40.0,2.564408302307129,0.713860034942627,0.46,2.354,21.24,2.974,1.0222229957580566,0.7365485429763794,0.46,2.406,20.782,2.909,1.0222229957580566,fewshot_lora
opt-125m,4,76.0772,2.103,0.526,41880712642560.0,0.634762690961361,40.0,2.565506935119629,0.7310923933982849,0.52,2.3966,20.863,2.921,1.0208802223205566,0.7617397308349609,0.46,2.3498,21.279,2.979,1.0208802223205566,fewshot_lora
opt-125m,4,75.6782,2.114,0.529,41880712642560.0,0.4254472240805625,40.0,2.565140724182129,0.7949028611183167,0.52,2.3298,21.461,3.005,1.0222229957580566,0.8398385643959045,0.46,2.4294,20.581,2.881,1.0222229957580566,fewshot_lora
opt-125m,4,76.0342,2.104,0.526,41880712642560.0,0.6489173695445061,40.0,2.565751075744629,0.7609092593193054,0.54,2.3661,21.132,2.958,1.0208802223205566,0.8159015774726868,0.46,2.3761,21.043,2.946,1.0208802223205566,fewshot_lora
opt-125m,8,81.2609,3.938,0.492,83761425285120.0,0.736566287279129,40.0,4.626908302307129,0.7181304097175598,0.52,2.3324,21.437,3.001,1.0222229957580566,0.755013644695282,0.46,2.3876,20.941,2.932,1.0222229957580566,fewshot_lora
opt-125m,8,81.0804,3.947,0.493,83761425285120.0,0.6983273193240166,40.0,4.640580177307129,0.7312992811203003,0.52,2.3694,21.102,2.954,1.0352845191955566,0.7714830040931702,0.46,2.4161,20.694,2.897,1.0352845191955566,fewshot_lora
opt-125m,8,81.7548,3.914,0.489,83761425285120.0,0.9278498440980912,40.0,4.641800880432129,0.7046827673912048,0.46,2.3792,21.016,2.942,1.0388245582580566,0.7230260372161865,0.5,2.3457,21.315,2.984,1.0388245582580566,fewshot_lora
opt-125m,8,82.675,3.871,0.484,83761425285120.0,0.660245081782341,40.0,4.642045021057129,0.8057844042778015,0.5,2.3982,20.849,2.919,1.0382142066955566,0.8688313364982605,0.46,2.9379,17.019,2.383,1.0382142066955566,fewshot_lora
opt-125m,8,83.299,3.842,0.48,83761425285120.0,0.78933886885643,40.0,4.641800880432129,0.7111334800720215,0.48,2.398,20.851,2.919,1.0388245582580566,0.739565908908844,0.46,2.4285,20.589,2.882,1.0388245582580566,fewshot_lora
opt-125m,8,82.0442,3.9,0.488,83761425285120.0,0.6581328377127648,40.0,4.642045021057129,0.7196435332298279,0.48,2.4467,20.436,2.861,1.0382142066955566,0.7425679564476013,0.46,2.4105,20.743,2.904,1.0382142066955566,fewshot_lora
opt-125m,8,83.0337,3.854,0.482,83761425285120.0,0.5275465540587903,40.0,4.641800880432129,0.7296406626701355,0.5,2.4385,20.505,2.871,1.0388245582580566,0.7461798787117004,0.46,2.389,20.929,2.93,1.0388245582580566,fewshot_lora
opt-125m,8,82.8382,3.863,0.483,83761425285120.0,0.8969203367829323,40.0,4.642045021057129,0.7067683339118958,0.42,2.3895,20.925,2.929,1.0382142066955566,0.7170254588127136,0.5,2.3867,20.95,2.933,1.0382142066955566,fewshot_lora
opt-125m,8,82.4601,3.881,0.485,83761425285120.0,0.7157522037625312,40.0,4.641800880432129,0.721127450466156,0.52,2.4475,20.429,2.86,1.0388245582580566,0.7572528719902039,0.46,2.388,20.938,2.931,1.0388245582580566,fewshot_lora
opt-125m,8,82.9918,3.856,0.482,83761425285120.0,0.9111160889267922,40.0,4.642045021057129,0.7038957476615906,0.44,2.3744,21.058,2.948,1.0382142066955566,0.7258123159408569,0.46,2.395,20.877,2.923,1.0382142066955566,fewshot_lora
opt-125m,16,96.5053,6.632,0.829,167522850570240.0,0.6691549122333527,40.0,4.641800880432129,0.7062017917633057,0.42,2.8359,17.631,2.468,1.0388245582580566,0.721662700176239,0.48,2.5892,19.311,2.704,1.0388245582580566,fewshot_lora
opt-125m,16,96.094,6.66,0.833,167522850570240.0,0.7668648578226567,40.0,4.642045021057129,0.6981180310249329,0.44,2.5299,19.764,2.767,1.0382142066955566,0.7069111466407776,0.52,2.3994,20.839,2.917,1.0382142066955566,fewshot_lora
opt-125m,16,95.4977,6.702,0.838,167522850570240.0,0.734028959274292,40.0,4.641800880432129,0.7073007225990295,0.44,2.3911,20.911,2.928,1.0388245582580566,0.7147863507270813,0.52,2.374,21.061,2.949,1.0388245582580566,fewshot_lora
opt-125m,16,96.2244,6.651,0.831,167522850570240.0,0.5839723147451877,40.0,4.642045021057129,0.7739936709403992,0.54,2.4157,20.698,2.898,1.0382142066955566,0.8286612629890442,0.46,2.4291,20.584,2.882,1.0382142066955566,fewshot_lora
opt-125m,16,95.928,6.672,0.834,167522850570240.0,0.6663581289350986,40.0,4.641800880432129,0.7140421867370605,0.44,2.356,21.223,2.971,1.0388245582580566,0.7371305227279663,0.46,2.4055,20.786,2.91,1.0388245582580566,fewshot_lora
opt-125m,16,97.3931,6.571,0.821,167522850570240.0,0.6774545218795538,40.0,4.642045021057129,0.7286018133163452,0.48,2.4056,20.785,2.91,1.0382142066955566,0.7554962635040283,0.46,2.6051,19.193,2.687,1.0382142066955566,fewshot_lora
opt-125m,16,96.7108,6.618,0.827,167522850570240.0,0.70292344763875,40.0,4.641800880432129,0.7303087711334229,0.5,2.4103,20.744,2.904,1.0388245582580566,0.7734926342964172,0.46,2.3959,20.869,2.922,1.0388245582580566,fewshot_lora
opt-125m,16,95.6558,6.691,0.836,167522850570240.0,0.7702973380684852,40.0,4.642045021057129,0.7086500525474548,0.54,2.419,20.669,2.894,1.0382142066955566,0.6893483996391296,0.54,2.3827,20.984,2.938,1.0382142066955566,fewshot_lora
opt-125m,16,95.5306,6.699,0.837,167522850570240.0,0.6943582698702813,40.0,4.641800880432129,0.7064851522445679,0.5,2.4708,20.237,2.833,1.0388245582580566,0.7431823015213013,0.46,2.4306,20.571,2.88,1.0388245582580566,fewshot_lora
opt-125m,16,95.939,6.671,0.834,167522850570240.0,0.7018830507993699,40.0,4.642045021057129,0.7125126719474792,0.48,2.422,20.644,2.89,1.0382142066955566,0.6985746026039124,0.62,2.4677,20.262,2.837,1.0382142066955566,fewshot_lora
opt-350m,2,95.6688,0.836,0.418,74650390364160.0,0.5763686515390873,40.0,3.968935966491699,1.0200151205062866,0.4,4.2751,11.696,1.637,2.3458142280578613,0.7147576212882996,0.54,4.2769,11.691,1.637,2.3458142280578613,fewshot_lora
opt-350m,2,94.5499,0.846,0.423,74650390364160.0,0.2156417173333466,40.0,3.951846122741699,1.1879794597625732,0.38,4.1669,11.999,1.68,2.3277478218078613,0.8105555772781372,0.56,4.2132,11.867,1.661,2.3277478218078613,fewshot_lora
opt-350m,2,94.4243,0.847,0.424,74650390364160.0,0.761304946988821,40.0,3.950869560241699,1.0712076425552368,0.52,4.1067,12.175,1.705,2.3277478218078613,0.7977505326271057,0.52,4.0718,12.28,1.719,2.3277478218078613,fewshot_lora
opt-350m,2,92.9532,0.861,0.43,74650390364160.0,0.2962923651561141,40.0,3.951846122741699,1.105648159980774,0.46,4.1179,12.142,1.7,2.3277478218078613,0.7673619985580444,0.54,4.1211,12.133,1.699,2.3277478218078613,fewshot_lora
opt-350m,2,94.0968,0.85,0.425,74650390364160.0,0.6678216308355331,40.0,3.950869560241699,1.0267692804336548,0.38,4.2397,11.793,1.651,2.3277478218078613,0.7108142375946045,0.5,4.0839,12.243,1.714,2.3277478218078613,fewshot_lora
opt-350m,2,93.3837,0.857,0.428,74650390364160.0,0.7878906242549419,40.0,3.951846122741699,1.024383544921875,0.44,4.1192,12.138,1.699,2.3277478218078613,0.7222772240638733,0.56,4.1042,12.183,1.706,2.3277478218078613,fewshot_lora
opt-350m,2,93.7414,0.853,0.427,74650390364160.0,0.4205555975437164,40.0,3.950869560241699,1.1033912897109983,0.48,4.1148,12.151,1.701,2.3277478218078613,0.7798669338226318,0.56,4.0969,12.204,1.709,2.3277478218078613,fewshot_lora
opt-350m,2,93.3717,0.857,0.428,74650390364160.0,0.6816607199609279,40.0,3.951846122741699,0.9950324296951294,0.34,4.0851,12.24,1.714,2.3277478218078613,0.6993972659111023,0.5,4.0956,12.208,1.709,2.3277478218078613,fewshot_lora
opt-350m,2,94.1865,0.849,0.425,74650390364160.0,0.3705445528030395,40.0,3.950869560241699,1.0836914777755735,0.52,4.1081,12.171,1.704,2.3277478218078613,0.8095176815986633,0.56,4.0811,12.252,1.715,2.3277478218078613,fewshot_lora
opt-350m,2,93.2786,0.858,0.429,74650390364160.0,0.2901137759909034,40.0,3.951846122741699,1.1637927293777466,0.38,4.0773,12.263,1.717,2.3277478218078613,0.8181593418121338,0.56,4.0742,12.272,1.718,2.3277478218078613,fewshot_lora
opt-350m,4,196.6097,0.814,0.203,149300780728320.0,1.06295298486948,40.0,6.645327568054199,1.019397497177124,0.5,13.5511,3.69,0.517,2.3277478218078613,0.7381919622421265,0.56,13.4657,3.713,0.52,2.3277478218078613,fewshot_lora
opt-350m,4,225.9761,0.708,0.177,149300780728320.0,0.358922915160656,40.0,6.645327568054199,1.0978542566299438,0.46,14.9193,3.351,0.469,2.3277478218078613,0.7790064215660095,0.52,14.9258,3.35,0.469,2.3277478218078613,fewshot_lora
opt-350m,4,197.3912,0.811,0.203,149300780728320.0,0.6193244688212871,40.0,6.645327568054199,1.005492091178894,0.36,14.2152,3.517,0.492,2.3277478218078613,0.7064031362533569,0.52,14.2216,3.516,0.492,2.3277478218078613,fewshot_lora
opt-350m,4,199.1878,0.803,0.201,149300780728320.0,0.4196117833256721,40.0,6.645327568054199,1.0457133054733276,0.48,13.442,3.72,0.521,2.3277478218078613,0.7180789113044739,0.56,13.469,3.712,0.52,2.3277478218078613,fewshot_lora
opt-350m,4,215.4853,0.743,0.186,149300780728320.0,0.5188165992498398,40.0,6.645327568054199,1.0281023979187012,0.36,15.7722,3.17,0.444,2.3277478218078613,0.7273518443107605,0.6,15.9278,3.139,0.439,2.3277478218078613,fewshot_lora
opt-350m,4,228.2527,0.701,0.175,149300780728320.0,0.5932341076433658,40.0,6.645327568054199,1.1286262273788452,0.38,15.4972,3.226,0.452,2.3277478218078613,0.8094373345375061,0.58,15.6714,3.191,0.447,2.3277478218078613,fewshot_lora
opt-350m,4,207.4598,0.771,0.193,149300780728320.0,1.3020227342844009,40.0,6.645327568054199,1.008223056793213,0.32,14.9485,3.345,0.468,2.3277478218078613,0.7033131122589111,0.54,15.2272,3.284,0.46,2.3277478218078613,fewshot_lora
opt-350m,4,220.0556,0.727,0.182,149300780728320.0,0.8273517176508903,40.0,6.645327568054199,0.9921084642410278,0.34,14.8075,3.377,0.473,2.3277478218078613,0.6938083171844482,0.5,14.9045,3.355,0.47,2.3277478218078613,fewshot_lora
opt-350m,4,222.001,0.721,0.18,149300780728320.0,0.6654212914407254,40.0,6.645327568054199,1.140025615692139,0.38,15.8416,3.156,0.442,2.3277478218078613,0.783449649810791,0.6,15.9969,3.126,0.438,2.3277478218078613,fewshot_lora
opt-350m,4,213.6793,0.749,0.187,149300780728320.0,0.1728431588038802,40.0,6.645327568054199,1.154820680618286,0.38,14.3419,3.486,0.488,2.3277478218078613,0.7862339615821838,0.6,14.4801,3.453,0.483,2.3277478218078613,fewshot_lora
opt-350m,8,213.5444,1.499,0.375,298601561456640.0,0.726583632081747,40.0,6.645327568054199,0.9869996905326844,0.44,7.3806,6.775,1.761,1.7935376167297363,0.7111024260520935,0.54,7.3447,6.808,1.77,1.7935376167297363,fewshot_lora
opt-350m,8,179.2847,1.785,0.446,298601561456640.0,0.7210132364183665,40.0,6.645327568054199,0.9766526818275452,0.36,5.8159,8.597,2.235,1.7945141792297363,0.6994683742523193,0.5,5.8293,8.577,2.23,1.7945141792297363,fewshot_lora
opt-350m,8,175.1633,1.827,0.457,298601561456640.0,0.4933850301429629,40.0,6.645327568054199,1.0281208753585815,0.46,5.0906,9.822,2.554,1.7935376167297363,0.713161289691925,0.52,5.0314,9.938,2.584,1.7935376167297363,fewshot_lora
opt-350m,8,190.4318,1.68,0.42,298601561456640.0,0.5339707661420107,40.0,6.645327568054199,1.241722583770752,0.42,7.2908,6.858,1.783,1.7935376167297363,0.9453263878822328,0.48,6.7276,7.432,1.932,1.7935376167297363,fewshot_lora
opt-350m,8,180.9165,1.769,0.442,298601561456640.0,0.7234230455011129,40.0,6.645327568054199,1.0142260789871216,0.34,5.2914,9.449,2.457,1.7935376167297363,0.7446430921554565,0.62,5.2971,9.439,2.454,1.7935376167297363,fewshot_lora
opt-350m,8,187.6781,1.705,0.426,298601561456640.0,0.5143752258270979,40.0,6.645327568054199,1.0330554246902466,0.52,4.3036,11.618,3.021,1.7945141792297363,0.7849755883216858,0.52,4.3845,11.404,2.965,1.7945141792297363,fewshot_lora
opt-350m,8,182.8135,1.75,0.438,298601561456640.0,0.7012737464159727,40.0,6.645327568054199,0.9891657829284668,0.4,5.3974,9.264,2.409,1.7935376167297363,0.7262564897537231,0.56,5.3602,9.328,2.425,1.7935376167297363,fewshot_lora
opt-350m,8,221.6679,1.444,0.361,298601561456640.0,0.4528445038944483,40.0,6.645327568054199,1.1733620166778564,0.48,6.0926,8.207,2.134,1.7945141792297363,0.7927089929580688,0.52,6.5604,7.621,1.982,1.7945141792297363,fewshot_lora
opt-350m,8,188.0893,1.701,0.425,298601561456640.0,0.7075376685708761,40.0,6.645327568054199,0.9981803894042968,0.34,5.7238,8.735,2.271,1.7935376167297363,0.710095226764679,0.56,5.5996,8.929,2.322,1.7935376167297363,fewshot_lora
opt-350m,8,189.3637,1.69,0.422,298601561456640.0,0.3008805386722087,40.0,6.645327568054199,1.1560779809951782,0.46,6.1335,8.152,2.12,1.7945141792297363,0.7630157470703125,0.56,6.1158,8.176,2.126,1.7945141792297363,fewshot_lora
opt-350m,16,178.4236,3.587,1.793,597203122913280.0,0.8095592551631853,40.0,3.950869560241699,0.9728612303733826,0.34,4.4834,11.152,5.576,1.5259442329406738,0.7060052752494812,0.52,4.5313,11.034,5.517,1.5259442329406738,fewshot_lora
opt-350m,16,176.5296,3.625,1.813,597203122913280.0,0.5107013254892081,40.0,3.951846122741699,1.0118420124053955,0.54,4.5521,10.984,5.492,1.5269207954406738,0.7130058407783508,0.56,4.5764,10.926,5.463,1.5269207954406738,fewshot_lora
opt-350m,16,177.092,3.614,1.807,597203122913280.0,0.5499713982455432,40.0,3.950869560241699,1.0250109434127808,0.46,4.4894,11.137,5.569,1.5259442329406738,0.7398499846458435,0.56,4.4882,11.14,5.57,1.5259442329406738,fewshot_lora
opt-350m,16,176.8922,3.618,1.809,597203122913280.0,0.5290714550530538,40.0,3.951846122741699,1.266458511352539,0.4,4.4729,11.179,5.589,1.5269207954406738,0.7862338423728943,0.6,4.4552,11.223,5.611,1.5269207954406738,fewshot_lora
opt-350m,16,177.0595,3.615,1.807,597203122913280.0,0.7427294386085123,40.0,3.950869560241699,0.9833840131759644,0.46,4.5198,11.062,5.531,1.5259442329406738,0.7989174127578735,0.5,4.6379,10.781,5.39,1.5259442329406738,fewshot_lora
opt-350m,16,179.4619,3.566,1.783,597203122913280.0,0.5030025236075744,40.0,3.951846122741699,1.0197787284851074,0.44,4.557,10.972,5.486,1.5269207954406738,0.7419705986976624,0.56,4.5204,11.061,5.53,1.5269207954406738,fewshot_lora
opt-350m,16,175.8163,3.64,1.82,597203122913280.0,0.5637440774124116,40.0,3.950869560241699,0.9977893829345704,0.36,4.5298,11.038,5.519,1.5259442329406738,0.728563129901886,0.46,4.5308,11.036,5.518,1.5259442329406738,fewshot_lora
opt-350m,16,175.0967,3.655,1.828,597203122913280.0,0.7181582871126011,40.0,3.951846122741699,1.0451923608779907,0.52,4.4804,11.16,5.58,1.5269207954406738,0.808504581451416,0.52,4.4444,11.25,5.625,1.5269207954406738,fewshot_lora
opt-350m,16,175.4274,3.648,1.824,597203122913280.0,0.9048312320373952,40.0,3.950869560241699,0.8553858995437622,0.4,4.5102,11.086,5.543,1.5259442329406738,0.7195879220962524,0.56,4.5985,10.873,5.437,1.5259442329406738,fewshot_lora
opt-350m,16,176.3728,3.629,1.814,597203122913280.0,0.8250088006956503,40.0,3.951846122741699,0.9881778955459596,0.54,4.4871,11.143,5.571,1.5269207954406738,0.7286532521247864,0.58,4.5176,11.068,5.534,1.5269207954406738,fewshot_lora
opt-125m,16,,,,,,,,0.7700204372406005,0.5,4.3980677127838135,11.368628967368004,,5.893546581268311,0.6819746541976929,0.54,3.620323657989502,13.81091988547975,,5.893546581268311,context_distillation
opt-125m,4096,,,,,,,,0.7859975439310074,0.42,4.012048244476318,12.462462301852597,,5.892781734466553,0.6923654967546463,0.5,3.583378553390503,13.953312287559251,,5.892781734466553,context_distillation
opt-350m,16,,,,,,,,0.8132616430521011,0.5,76.13109803199768,0.6567618396753603,,11.385769844055176,0.7732616442441941,0.54,73.93164873123169,0.6763003511766402,,11.385121822357178,context_distillation
opt-350m,4096,,,,,,,,0.72320441365242,0.56,103.74213314056396,0.4819642558559422,,11.389501094818115,0.6931471824645996,0.46,103.47004747390748,0.4832316329284447,,11.389501094818115,context_distillation
opt-125m,16,,,,,,,,0.8112501966953277,0.48,16.656514883041382,3.001828434764997,,5.419967174530029,0.7444341737031936,0.54,13.07782530784607,3.823265628881156,,5.419967174530029,recursive_context_distillation
opt-125m,4096,,,,,,,,0.8132616430521011,0.5,9.656738996505736,5.177731325045893,,5.422042369842529,0.7732616442441941,0.54,6.860638856887817,7.287951026572682,,5.422042369842529,recursive_context_distillation
opt-350m,16,,,,,,,,0.8132616430521011,0.5,57.85215163230896,0.8642720899610632,,10.152486324310305,0.7732616442441941,0.54,51.2844500541687,0.9749543954783172,,10.152486324310305,recursive_context_distillation
opt-350m,4096,,,,,,,,0.8132616430521011,0.5,70.83691620826721,0.705846649972668,,10.152455806732178,0.7732616442441941,0.54,66.07695960998535,0.7566934116690828,,10.152455806732178,recursive_context_distillation
