model_name,sample_size,epoch,train_loss,val_loss
opt-125m,2,1,0.5417,0.6477312445640564
opt-125m,2,2,0.6562,0.6459871530532837
opt-125m,2,3,0.6007,0.6443732976913452
opt-125m,2,4,0.4579,0.6389032006263733
opt-125m,2,5,0.2541,0.6342549920082092
opt-125m,2,6,0.2006,0.6319110989570618
opt-125m,2,7,0.0927,0.6284689903259277
opt-125m,2,8,0.053,0.625887930393219
opt-125m,2,9,0.0254,0.6228946447372437
opt-125m,2,10,0.0183,0.6185365915298462
opt-125m,2,11,0.0109,0.6141000986099243
opt-125m,2,12,0.0088,0.609797477722168
opt-125m,2,13,0.004,0.6062051057815552
opt-125m,2,14,0.0024,0.6023017168045044
opt-125m,2,15,0.0016,0.5985959768295288
opt-125m,2,16,0.0012,0.5952691435813904
opt-125m,2,17,0.0012,0.5923048257827759
opt-125m,2,18,0.001,0.5894805192947388
opt-125m,2,19,0.0007,0.5871702432632446
opt-125m,2,20,0.0006,0.5852326154708862
opt-125m,2,21,0.0004,0.5835388898849487
opt-125m,2,22,0.0004,0.5821767449378967
opt-125m,2,23,0.0003,0.5810955762863159
opt-125m,2,24,0.0002,0.5801592469215393
opt-125m,2,25,0.0003,0.5793813467025757
opt-125m,2,26,0.0002,0.578738808631897
opt-125m,2,27,0.0003,0.5782076120376587
opt-125m,2,28,0.0003,0.5777658224105835
opt-125m,2,29,0.0002,0.5773938894271851
opt-125m,2,30,0.0002,0.5770901441574097
opt-125m,2,31,0.0002,0.5768254995346069
opt-125m,2,32,0.0002,0.5765925049781799
opt-125m,2,33,0.0002,0.5763921737670898
opt-125m,2,34,0.0002,0.5762301683425903
opt-125m,2,35,0.0001,0.5761042237281799
opt-125m,2,36,0.0002,0.5760048627853394
opt-125m,2,37,0.0002,0.5759310722351074
opt-125m,2,38,0.0001,0.5758808255195618
opt-125m,2,39,0.0002,0.5758534073829651
opt-125m,2,40,0.0001,0.5758401155471802
opt-125m,2,1,0.6131,0.6946821212768555
opt-125m,2,2,0.8353,0.6817718744277954
opt-125m,2,3,0.5164,0.6632264852523804
opt-125m,2,4,0.3279,0.6578006148338318
opt-125m,2,5,0.1482,0.6811517477035522
opt-125m,2,6,0.066,0.731078565120697
opt-125m,2,7,0.0256,0.8034696578979492
opt-125m,2,8,0.0144,0.890457034111023
opt-125m,2,9,0.0069,0.9869534373283386
opt-125m,2,10,0.0035,1.0870389938354492
opt-125m,2,11,0.0014,1.1845276355743408
opt-125m,2,12,0.0013,1.2771387100219727
opt-125m,2,13,0.0007,1.363026738166809
opt-125m,2,14,0.0004,1.442094087600708
opt-125m,2,15,0.0003,1.5141007900238037
opt-125m,2,16,0.0002,1.5787951946258545
opt-125m,2,17,0.0002,1.6369636058807373
opt-125m,2,18,0.0001,1.6888138055801392
opt-125m,2,19,0.0001,1.7353894710540771
opt-125m,2,20,0.0001,1.7765296697616577
opt-125m,2,21,0.0001,1.812694787979126
opt-125m,2,22,0.0001,1.8442742824554443
opt-125m,2,23,0.0,1.8716809749603271
opt-125m,2,24,0.0,1.8954299688339233
opt-125m,2,25,0.0,1.9158929586410522
opt-125m,2,26,0.0,1.9335708618164062
opt-125m,2,27,0.0,1.9487779140472412
opt-125m,2,28,0.0,1.9617570638656616
opt-125m,2,29,0.0,1.972791314125061
opt-125m,2,30,0.0,1.982093095779419
opt-125m,2,31,0.0,1.9898830652236938
opt-125m,2,32,0.0,1.9963308572769165
opt-125m,2,33,0.0,2.0015900135040283
opt-125m,2,34,0.0,2.0058255195617676
opt-125m,2,35,0.0,2.0091633796691895
opt-125m,2,36,0.0,2.0117249488830566
opt-125m,2,37,0.0,2.0136115550994873
opt-125m,2,38,0.0,2.014915943145752
opt-125m,2,39,0.0,2.015720844268799
opt-125m,2,40,0.0,2.016092538833618
opt-125m,2,1,0.5566,0.6946821212768555
opt-125m,2,2,0.7664,0.7092787027359009
opt-125m,2,3,0.7007,0.7451774477958679
opt-125m,2,4,0.4293,0.8163728713989258
opt-125m,2,5,0.1714,0.9476431012153625
opt-125m,2,6,0.0997,1.106543779373169
opt-125m,2,7,0.0363,1.2788546085357666
opt-125m,2,8,0.0204,1.464660882949829
opt-125m,2,9,0.0141,1.6574060916900635
opt-125m,2,10,0.0079,1.8637161254882812
opt-125m,2,11,0.0031,2.0687718391418457
opt-125m,2,12,0.0019,2.263242244720459
opt-125m,2,13,0.0013,2.4443814754486084
opt-125m,2,14,0.001,2.614098310470581
opt-125m,2,15,0.0004,2.7689011096954346
opt-125m,2,16,0.0004,2.9100589752197266
opt-125m,2,17,0.0003,3.0368237495422363
opt-125m,2,18,0.0002,3.148834228515625
opt-125m,2,19,0.0002,3.2486395835876465
opt-125m,2,20,0.0001,3.3367507457733154
opt-125m,2,21,0.0001,3.4139809608459473
opt-125m,2,22,0.0001,3.4820480346679688
opt-125m,2,23,0.0001,3.5412349700927734
opt-125m,2,24,0.0001,3.5924296379089355
opt-125m,2,25,0.0001,3.636561155319214
opt-125m,2,26,0.0001,3.6745524406433105
opt-125m,2,27,0.0,3.7071621417999268
opt-125m,2,28,0.0,3.7349579334259033
opt-125m,2,29,0.0,3.758476734161377
opt-125m,2,30,0.0,3.7781951427459717
opt-125m,2,31,0.0,3.7946383953094482
opt-125m,2,32,0.0,3.8082096576690674
opt-125m,2,33,0.0,3.8192763328552246
opt-125m,2,34,0.0,3.8281681537628174
opt-125m,2,35,0.0,3.835174083709717
opt-125m,2,36,0.0,3.8405392169952393
opt-125m,2,37,0.0,3.8444888591766357
opt-125m,2,38,0.0,3.8472213745117188
opt-125m,2,39,0.0,3.84889554977417
opt-125m,2,40,0.0001,3.8496766090393066
opt-125m,2,1,0.9946,0.6946821212768555
opt-125m,2,2,0.9233,0.7077493667602539
opt-125m,2,3,0.8918,0.7414723634719849
opt-125m,2,4,0.5193,0.8083636164665222
opt-125m,2,5,0.2725,0.9279395937919617
opt-125m,2,6,0.0583,1.0792226791381836
opt-125m,2,7,0.0402,1.2550361156463623
opt-125m,2,8,0.0163,1.4522731304168701
opt-125m,2,9,0.008,1.6595947742462158
opt-125m,2,10,0.0027,1.863940954208374
opt-125m,2,11,0.0018,2.061048746109009
opt-125m,2,12,0.0015,2.248900890350342
opt-125m,2,13,0.0008,2.422729969024658
opt-125m,2,14,0.0004,2.580491542816162
opt-125m,2,15,0.0002,2.7233405113220215
opt-125m,2,16,0.0003,2.8516602516174316
opt-125m,2,17,0.0002,2.965977191925049
opt-125m,2,18,0.0001,3.06746244430542
opt-125m,2,19,0.0001,3.1564269065856934
opt-125m,2,20,0.0001,3.2344970703125
opt-125m,2,21,0.0001,3.302577257156372
opt-125m,2,22,0.0,3.361449718475342
opt-125m,2,23,0.0,3.412402391433716
opt-125m,2,24,0.0,3.456711530685425
opt-125m,2,25,0.0,3.494986057281494
opt-125m,2,26,0.0,3.52787446975708
opt-125m,2,27,0.0,3.555992603302002
opt-125m,2,28,0.0,3.5796875953674316
opt-125m,2,29,0.0,3.599684953689575
opt-125m,2,30,0.0,3.6164824962615967
opt-125m,2,31,0.0,3.6304244995117188
opt-125m,2,32,0.0,3.6419284343719482
opt-125m,2,33,0.0,3.6512863636016846
opt-125m,2,34,0.0,3.6587727069854736
opt-125m,2,35,0.0,3.6646575927734375
opt-125m,2,36,0.0,3.6691577434539795
opt-125m,2,37,0.0,3.6724579334259033
opt-125m,2,38,0.0,3.674727201461792
opt-125m,2,39,0.0,3.6761202812194824
opt-125m,2,40,0.0,3.6767590045928955
opt-125m,2,1,0.458,0.6946821212768555
opt-125m,2,2,0.4006,0.6976452469825745
opt-125m,2,3,0.365,0.7022708654403687
opt-125m,2,4,0.2651,0.711265504360199
opt-125m,2,5,0.204,0.7257987856864929
opt-125m,2,6,0.0908,0.7443525195121765
opt-125m,2,7,0.0437,0.7615293860435486
opt-125m,2,8,0.0257,0.7794812917709351
opt-125m,2,9,0.0146,0.8039858937263489
opt-125m,2,10,0.0087,0.8269764184951782
opt-125m,2,11,0.007,0.8485223650932312
opt-125m,2,12,0.0031,0.8695366978645325
opt-125m,2,13,0.0024,0.8880399465560913
opt-125m,2,14,0.002,0.9045068025588989
opt-125m,2,15,0.0009,0.919338047504425
opt-125m,2,16,0.0006,0.9324809312820435
opt-125m,2,17,0.0006,0.944500744342804
opt-125m,2,18,0.0005,0.9551165699958801
opt-125m,2,19,0.0004,0.9648444056510925
opt-125m,2,20,0.0003,0.9734489321708679
opt-125m,2,21,0.0002,0.9808940887451172
opt-125m,2,22,0.0002,0.9876472353935242
opt-125m,2,23,0.0002,0.9936292767524719
opt-125m,2,24,0.0002,0.9989030957221985
opt-125m,2,25,0.0002,1.0034805536270142
opt-125m,2,26,0.0001,1.0075198411941528
opt-125m,2,27,0.0001,1.010955810546875
opt-125m,2,28,0.0001,1.0138142108917236
opt-125m,2,29,0.0001,1.0162694454193115
opt-125m,2,30,0.0001,1.0183037519454956
opt-125m,2,31,0.0001,1.0199873447418213
opt-125m,2,32,0.0001,1.0213921070098877
opt-125m,2,33,0.0001,1.0225322246551514
opt-125m,2,34,0.0001,1.0234594345092773
opt-125m,2,35,0.0001,1.0241649150848389
opt-125m,2,36,0.0001,1.0247138738632202
opt-125m,2,37,0.0001,1.0251117944717407
opt-125m,2,38,0.0001,1.0253818035125732
opt-125m,2,39,0.0001,1.0255471467971802
opt-125m,2,40,0.0001,1.0256226062774658
opt-125m,2,1,0.8317,0.6946821212768555
opt-125m,2,2,0.6478,0.6914926767349243
opt-125m,2,3,0.5747,0.6850985288619995
opt-125m,2,4,0.4399,0.674819827079773
opt-125m,2,5,0.2798,0.6602400541305542
opt-125m,2,6,0.1657,0.6507025957107544
opt-125m,2,7,0.091,0.6399878263473511
opt-125m,2,8,0.0543,0.6317564249038696
opt-125m,2,9,0.0462,0.6262661218643188
opt-125m,2,10,0.0199,0.6213129758834839
opt-125m,2,11,0.0149,0.6169377565383911
opt-125m,2,12,0.0094,0.6116036176681519
opt-125m,2,13,0.0035,0.6063631772994995
opt-125m,2,14,0.003,0.6020115613937378
opt-125m,2,15,0.0022,0.5978447198867798
opt-125m,2,16,0.0012,0.5937238335609436
opt-125m,2,17,0.0008,0.5904265642166138
opt-125m,2,18,0.0009,0.587746798992157
opt-125m,2,19,0.0006,0.5854941606521606
opt-125m,2,20,0.0003,0.5834236741065979
opt-125m,2,21,0.0003,0.5815160870552063
opt-125m,2,22,0.0003,0.579862117767334
opt-125m,2,23,0.0002,0.5784617066383362
opt-125m,2,24,0.0002,0.5772958397865295
opt-125m,2,25,0.0002,0.5763190984725952
opt-125m,2,26,0.0002,0.5755044221878052
opt-125m,2,27,0.0001,0.5747901201248169
opt-125m,2,28,0.0001,0.5741740465164185
opt-125m,2,29,0.0001,0.5736585855484009
opt-125m,2,30,0.0001,0.5732434988021851
opt-125m,2,31,0.0001,0.5729133486747742
opt-125m,2,32,0.0001,0.5726360082626343
opt-125m,2,33,0.0001,0.5724208950996399
opt-125m,2,34,0.0001,0.5722665786743164
opt-125m,2,35,0.0001,0.572151243686676
opt-125m,2,36,0.0001,0.572064995765686
opt-125m,2,37,0.0001,0.5720024704933167
opt-125m,2,38,0.0001,0.5719600915908813
opt-125m,2,39,0.0001,0.5719348192214966
opt-125m,2,40,0.0002,0.5719233751296997
opt-125m,2,1,0.4585,0.6946821212768555
opt-125m,2,2,0.5262,0.7112294435501099
opt-125m,2,3,0.3458,0.7519916296005249
opt-125m,2,4,0.1904,0.8330278396606445
opt-125m,2,5,0.096,0.9755994081497192
opt-125m,2,6,0.0535,1.1564712524414062
opt-125m,2,7,0.0201,1.3573696613311768
opt-125m,2,8,0.0114,1.5712288618087769
opt-125m,2,9,0.0043,1.7938607931137085
opt-125m,2,10,0.0024,2.0105814933776855
opt-125m,2,11,0.001,2.218569278717041
opt-125m,2,12,0.0007,2.4150023460388184
opt-125m,2,13,0.0005,2.5978095531463623
opt-125m,2,14,0.0002,2.764249563217163
opt-125m,2,15,0.0001,2.913285732269287
opt-125m,2,16,0.0001,3.0476279258728027
opt-125m,2,17,0.0001,3.1669020652770996
opt-125m,2,18,0.0001,3.2729434967041016
opt-125m,2,19,0.0,3.36682391166687
opt-125m,2,20,0.0001,3.449376344680786
opt-125m,2,21,0.0,3.520974636077881
opt-125m,2,22,0.0,3.5833981037139893
opt-125m,2,23,0.0,3.637669801712036
opt-125m,2,24,0.0,3.684809446334839
opt-125m,2,25,0.0,3.725630521774292
opt-125m,2,26,0.0,3.760608196258545
opt-125m,2,27,0.0,3.7904982566833496
opt-125m,2,28,0.0,3.815891742706299
opt-125m,2,29,0.0,3.8374621868133545
opt-125m,2,30,0.0,3.8555030822753906
opt-125m,2,31,0.0,3.8705062866210938
opt-125m,2,32,0.0,3.882906675338745
opt-125m,2,33,0.0,3.89304780960083
opt-125m,2,34,0.0,3.9012272357940674
opt-125m,2,35,0.0,3.907670259475708
opt-125m,2,36,0.0,3.912609577178955
opt-125m,2,37,0.0,3.916243076324463
opt-125m,2,38,0.0,3.9187424182891846
opt-125m,2,39,0.0,3.9202778339385986
opt-125m,2,40,0.0,3.9209911823272705
opt-125m,2,1,0.85,0.6946821212768555
opt-125m,2,2,0.8048,0.692762017250061
opt-125m,2,3,0.8141,0.6905907392501831
opt-125m,2,4,0.7108,0.6875752210617065
opt-125m,2,5,0.4677,0.6848939657211304
opt-125m,2,6,0.2537,0.6830481290817261
opt-125m,2,7,0.1498,0.6819896697998047
opt-125m,2,8,0.0856,0.6833823919296265
opt-125m,2,9,0.0697,0.6878560781478882
opt-125m,2,10,0.0435,0.6961456537246704
opt-125m,2,11,0.0195,0.7036048173904419
opt-125m,2,12,0.0126,0.7119132280349731
opt-125m,2,13,0.0077,0.7208863496780396
opt-125m,2,14,0.0043,0.7315945029258728
opt-125m,2,15,0.0031,0.7429231405258179
opt-125m,2,16,0.0017,0.7538856267929077
opt-125m,2,17,0.0011,0.7644825577735901
opt-125m,2,18,0.0007,0.7746318578720093
opt-125m,2,19,0.0008,0.783678412437439
opt-125m,2,20,0.0005,0.791988730430603
opt-125m,2,21,0.0003,0.7996488809585571
opt-125m,2,22,0.0003,0.8066748380661011
opt-125m,2,23,0.0002,0.8130255937576294
opt-125m,2,24,0.0002,0.8187357187271118
opt-125m,2,25,0.0002,0.8236979246139526
opt-125m,2,26,0.0001,0.8281248807907104
opt-125m,2,27,0.0002,0.8320604562759399
opt-125m,2,28,0.0001,0.8354835510253906
opt-125m,2,29,0.0001,0.8384053111076355
opt-125m,2,30,0.0001,0.8408937454223633
opt-125m,2,31,0.0001,0.8429974317550659
opt-125m,2,32,0.0001,0.8447410464286804
opt-125m,2,33,0.0001,0.8461605310440063
opt-125m,2,34,0.0001,0.8473039865493774
opt-125m,2,35,0.0001,0.8481969833374023
opt-125m,2,36,0.0001,0.8488761782646179
opt-125m,2,37,0.0001,0.8493634462356567
opt-125m,2,38,0.0001,0.8497172594070435
opt-125m,2,39,0.0001,0.849932074546814
opt-125m,2,40,0.0001,0.8500329852104187
opt-125m,2,1,0.6512,0.6946821212768555
opt-125m,2,2,0.6862,0.7095698118209839
opt-125m,2,3,0.5896,0.7475119829177856
opt-125m,2,4,0.4911,0.8262323141098022
opt-125m,2,5,0.3031,0.9687820672988892
opt-125m,2,6,0.1092,1.1395328044891357
opt-125m,2,7,0.0514,1.3261559009552002
opt-125m,2,8,0.0285,1.5252636671066284
opt-125m,2,9,0.0154,1.726523995399475
opt-125m,2,10,0.0067,1.9328962564468384
opt-125m,2,11,0.0048,2.133085012435913
opt-125m,2,12,0.0026,2.3254222869873047
opt-125m,2,13,0.0008,2.504976749420166
opt-125m,2,14,0.0008,2.671318531036377
opt-125m,2,15,0.0003,2.8212273120880127
opt-125m,2,16,0.0002,2.955921173095703
opt-125m,2,17,0.0002,3.0770339965820312
opt-125m,2,18,0.0001,3.1851773262023926
opt-125m,2,19,0.0001,3.2802352905273438
opt-125m,2,20,0.0001,3.36381459236145
opt-125m,2,21,0.0001,3.4376800060272217
opt-125m,2,22,0.0001,3.502033233642578
opt-125m,2,23,0.0001,3.5581583976745605
opt-125m,2,24,0.0001,3.607384443283081
opt-125m,2,25,0.0001,3.6501688957214355
opt-125m,2,26,0.0001,3.6871306896209717
opt-125m,2,27,0.0001,3.7190170288085938
opt-125m,2,28,0.0,3.7461535930633545
opt-125m,2,29,0.0001,3.7692370414733887
opt-125m,2,30,0.0,3.788703203201294
opt-125m,2,31,0.0,3.8049633502960205
opt-125m,2,32,0.0,3.8184120655059814
opt-125m,2,33,0.0,3.8294215202331543
opt-125m,2,34,0.0,3.838268995285034
opt-125m,2,35,0.0,3.845240354537964
opt-125m,2,36,0.0,3.8505942821502686
opt-125m,2,37,0.0,3.854564666748047
opt-125m,2,38,0.0,3.8573365211486816
opt-125m,2,39,0.0,3.8590550422668457
opt-125m,2,40,0.0,3.8598473072052
opt-125m,2,1,0.9005,0.6946821212768555
opt-125m,2,2,0.7231,0.6821182370185852
opt-125m,2,3,0.5972,0.664634108543396
opt-125m,2,4,0.3721,0.6603973507881165
opt-125m,2,5,0.2181,0.6905443072319031
opt-125m,2,6,0.0606,0.7559441924095154
opt-125m,2,7,0.0274,0.8492546081542969
opt-125m,2,8,0.0123,0.9655320048332214
opt-125m,2,9,0.0038,1.0907992124557495
opt-125m,2,10,0.002,1.2162281274795532
opt-125m,2,11,0.0014,1.3370473384857178
opt-125m,2,12,0.0007,1.4484843015670776
opt-125m,2,13,0.0005,1.5511332750320435
opt-125m,2,14,0.0003,1.643885612487793
opt-125m,2,15,0.0002,1.7269432544708252
opt-125m,2,16,0.0002,1.800781488418579
opt-125m,2,17,0.0001,1.8656917810440063
opt-125m,2,18,0.0001,1.9230124950408936
opt-125m,2,19,0.0001,1.9732557535171509
opt-125m,2,20,0.0001,2.017244815826416
opt-125m,2,21,0.0001,2.055844783782959
opt-125m,2,22,0.0001,2.0894923210144043
opt-125m,2,23,0.0001,2.1187491416931152
opt-125m,2,24,0.0001,2.1440396308898926
opt-125m,2,25,0.0,2.1659066677093506
opt-125m,2,26,0.0,2.1847381591796875
opt-125m,2,27,0.0,2.200904369354248
opt-125m,2,28,0.0,2.2146201133728027
opt-125m,2,29,0.0,2.226219654083252
opt-125m,2,30,0.0,2.2359862327575684
opt-125m,2,31,0.0,2.2441349029541016
opt-125m,2,32,0.0,2.2508597373962402
opt-125m,2,33,0.0,2.2563281059265137
opt-125m,2,34,0.0,2.260707378387451
opt-125m,2,35,0.0,2.264150857925415
opt-125m,2,36,0.0,2.26678466796875
opt-125m,2,37,0.0,2.268721103668213
opt-125m,2,38,0.0,2.270057439804077
opt-125m,2,39,0.0,2.2708778381347656
opt-125m,2,40,0.0,2.2712533473968506
opt-125m,4,1,1.076,0.6946821212768555
opt-125m,4,2,1.0654,0.7029342651367188
opt-125m,4,3,0.987,0.7216283082962036
opt-125m,4,4,0.7033,0.7501977682113647
opt-125m,4,5,0.5633,0.7873111963272095
opt-125m,4,6,0.3128,0.8272485733032227
opt-125m,4,7,0.1712,0.8643009066581726
opt-125m,4,8,0.1114,0.9030558466911316
opt-125m,4,9,0.0575,0.9472314119338989
opt-125m,4,10,0.046,0.9953190684318542
opt-125m,4,11,0.0274,1.050018072128296
opt-125m,4,12,0.015,1.1027190685272217
opt-125m,4,13,0.0092,1.1575651168823242
opt-125m,4,14,0.0064,1.208440899848938
opt-125m,4,15,0.0046,1.2595560550689697
opt-125m,4,16,0.0024,1.3085765838623047
opt-125m,4,17,0.0025,1.3550846576690674
opt-125m,4,18,0.0015,1.399440050125122
opt-125m,4,19,0.001,1.4404428005218506
opt-125m,4,20,0.0007,1.4772131443023682
opt-125m,4,21,0.0007,1.510177731513977
opt-125m,4,22,0.0006,1.540036916732788
opt-125m,4,23,0.0005,1.5664440393447876
opt-125m,4,24,0.0005,1.5904204845428467
opt-125m,4,25,0.0004,1.6119611263275146
opt-125m,4,26,0.0003,1.6308088302612305
opt-125m,4,27,0.0003,1.647270917892456
opt-125m,4,28,0.0003,1.661562204360962
opt-125m,4,29,0.0003,1.6738487482070923
opt-125m,4,30,0.0002,1.6843353509902954
opt-125m,4,31,0.0002,1.6932319402694702
opt-125m,4,32,0.0002,1.700676679611206
opt-125m,4,33,0.0002,1.7068769931793213
opt-125m,4,34,0.0002,1.7119770050048828
opt-125m,4,35,0.0002,1.7160860300064087
opt-125m,4,36,0.0002,1.719313383102417
opt-125m,4,37,0.0002,1.721705675125122
opt-125m,4,38,0.0002,1.7233402729034424
opt-125m,4,39,0.0002,1.7243773937225342
opt-125m,4,40,0.0002,1.724865198135376
opt-125m,4,1,0.6199,0.6946821212768555
opt-125m,4,2,0.5643,0.7080312967300415
opt-125m,4,3,0.4477,0.7393302321434021
opt-125m,4,4,0.4087,0.7901853322982788
opt-125m,4,5,0.3187,0.8716064691543579
opt-125m,4,6,0.1981,0.9557496905326843
opt-125m,4,7,0.0952,1.0305298566818237
opt-125m,4,8,0.0667,1.0934984683990479
opt-125m,4,9,0.0311,1.1511223316192627
opt-125m,4,10,0.0221,1.2131335735321045
opt-125m,4,11,0.0143,1.2857167720794678
opt-125m,4,12,0.0069,1.3636891841888428
opt-125m,4,13,0.0041,1.4424282312393188
opt-125m,4,14,0.0032,1.5226222276687622
opt-125m,4,15,0.0018,1.6005102396011353
opt-125m,4,16,0.0015,1.6732795238494873
opt-125m,4,17,0.0007,1.7410221099853516
opt-125m,4,18,0.0008,1.8022323846817017
opt-125m,4,19,0.0006,1.8564058542251587
opt-125m,4,20,0.0005,1.9045753479003906
opt-125m,4,21,0.0004,1.9469735622406006
opt-125m,4,22,0.0003,1.9843889474868774
opt-125m,4,23,0.0003,2.0178751945495605
opt-125m,4,24,0.0002,2.04744029045105
opt-125m,4,25,0.0002,2.073728084564209
opt-125m,4,26,0.0002,2.0967020988464355
opt-125m,4,27,0.0002,2.1166834831237793
opt-125m,4,28,0.0002,2.1339821815490723
opt-125m,4,29,0.0001,2.1487622261047363
opt-125m,4,30,0.0002,2.1613669395446777
opt-125m,4,31,0.0002,2.171980381011963
opt-125m,4,32,0.0002,2.180875301361084
opt-125m,4,33,0.0001,2.1881697177886963
opt-125m,4,34,0.0001,2.194234848022461
opt-125m,4,35,0.0001,2.199004650115967
opt-125m,4,36,0.0001,2.2027580738067627
opt-125m,4,37,0.0001,2.205495834350586
opt-125m,4,38,0.0001,2.207420825958252
opt-125m,4,39,0.0001,2.2086338996887207
opt-125m,4,40,0.0001,2.2091996669769287
opt-125m,4,1,0.5358,0.6946821212768555
opt-125m,4,2,0.6171,0.7042845487594604
opt-125m,4,3,0.5372,0.7262850999832153
opt-125m,4,4,0.3456,0.7698467969894409
opt-125m,4,5,0.253,0.8426949381828308
opt-125m,4,6,0.102,0.9280417561531067
opt-125m,4,7,0.1178,1.0096256732940674
opt-125m,4,8,0.0487,1.0920727252960205
opt-125m,4,9,0.0251,1.1840400695800781
opt-125m,4,10,0.0148,1.2712066173553467
opt-125m,4,11,0.011,1.35517156124115
opt-125m,4,12,0.006,1.4379141330718994
opt-125m,4,13,0.0034,1.5191895961761475
opt-125m,4,14,0.0028,1.5963630676269531
opt-125m,4,15,0.0016,1.6675370931625366
opt-125m,4,16,0.0014,1.7326141595840454
opt-125m,4,17,0.0009,1.7915096282958984
opt-125m,4,18,0.0008,1.8456968069076538
opt-125m,4,19,0.0005,1.893322229385376
opt-125m,4,20,0.0004,1.9354044198989868
opt-125m,4,21,0.0004,1.9727150201797485
opt-125m,4,22,0.0003,2.0055336952209473
opt-125m,4,23,0.0003,2.0343422889709473
opt-125m,4,24,0.0003,2.0592823028564453
opt-125m,4,25,0.0003,2.080853223800659
opt-125m,4,26,0.0002,2.099545955657959
opt-125m,4,27,0.0002,2.115730047225952
opt-125m,4,28,0.0002,2.129621744155884
opt-125m,4,29,0.0002,2.141599178314209
opt-125m,4,30,0.0001,2.1518266201019287
opt-125m,4,31,0.0001,2.160430669784546
opt-125m,4,32,0.0002,2.167663097381592
opt-125m,4,33,0.0001,2.173684597015381
opt-125m,4,34,0.0002,2.178663492202759
opt-125m,4,35,0.0001,2.1826648712158203
opt-125m,4,36,0.0002,2.185758113861084
opt-125m,4,37,0.0001,2.1880905628204346
opt-125m,4,38,0.0001,2.1897387504577637
opt-125m,4,39,0.0001,2.1907706260681152
opt-125m,4,40,0.0002,2.191253185272217
opt-125m,4,1,0.4791,0.6946821212768555
opt-125m,4,2,0.4664,0.7007185220718384
opt-125m,4,3,0.3976,0.7133227586746216
opt-125m,4,4,0.254,0.7268770933151245
opt-125m,4,5,0.2146,0.7564400434494019
opt-125m,4,6,0.0925,0.7912575006484985
opt-125m,4,7,0.0592,0.8222225308418274
opt-125m,4,8,0.036,0.8569291830062866
opt-125m,4,9,0.0172,0.8886508941650391
opt-125m,4,10,0.0091,0.9144074320793152
opt-125m,4,11,0.0057,0.9356709718704224
opt-125m,4,12,0.0038,0.9540831446647644
opt-125m,4,13,0.0022,0.9686076045036316
opt-125m,4,14,0.0015,0.9820376634597778
opt-125m,4,15,0.0012,0.9942570924758911
opt-125m,4,16,0.0008,1.005364179611206
opt-125m,4,17,0.0004,1.015655279159546
opt-125m,4,18,0.0006,1.0253907442092896
opt-125m,4,19,0.0003,1.033980131149292
opt-125m,4,20,0.0003,1.0414025783538818
opt-125m,4,21,0.0003,1.0478661060333252
opt-125m,4,22,0.0002,1.0542118549346924
opt-125m,4,23,0.0002,1.060193657875061
opt-125m,4,24,0.0002,1.0655698776245117
opt-125m,4,25,0.0002,1.0702106952667236
opt-125m,4,26,0.0001,1.0741462707519531
opt-125m,4,27,0.0001,1.0776195526123047
opt-125m,4,28,0.0001,1.0804712772369385
opt-125m,4,29,0.0001,1.0830169916152954
opt-125m,4,30,0.0001,1.0852625370025635
opt-125m,4,31,0.0001,1.0872442722320557
opt-125m,4,32,0.0001,1.0889437198638916
opt-125m,4,33,0.0001,1.0903666019439697
opt-125m,4,34,0.0001,1.09157395362854
opt-125m,4,35,0.0001,1.0925205945968628
opt-125m,4,36,0.0001,1.093254804611206
opt-125m,4,37,0.0001,1.0937983989715576
opt-125m,4,38,0.0001,1.0941896438598633
opt-125m,4,39,0.0001,1.0944350957870483
opt-125m,4,40,0.0001,1.0945532321929932
opt-125m,4,1,0.5515,0.6946821212768555
opt-125m,4,2,0.6028,0.6860642433166504
opt-125m,4,3,0.585,0.6732703447341919
opt-125m,4,4,0.3574,0.6672316789627075
opt-125m,4,5,0.3013,0.6791099309921265
opt-125m,4,6,0.2047,0.7009226083755493
opt-125m,4,7,0.0908,0.731387734413147
opt-125m,4,8,0.0583,0.7701035737991333
opt-125m,4,9,0.0426,0.8153371810913086
opt-125m,4,10,0.0228,0.8666073083877563
opt-125m,4,11,0.015,0.9233033061027527
opt-125m,4,12,0.0083,0.9819031953811646
opt-125m,4,13,0.0045,1.0424015522003174
opt-125m,4,14,0.0041,1.1010276079177856
opt-125m,4,15,0.0022,1.1578370332717896
opt-125m,4,16,0.0015,1.212851643562317
opt-125m,4,17,0.0011,1.2648780345916748
opt-125m,4,18,0.0009,1.3131325244903564
opt-125m,4,19,0.0007,1.3568480014801025
opt-125m,4,20,0.0006,1.3963119983673096
opt-125m,4,21,0.0004,1.4321215152740479
opt-125m,4,22,0.0003,1.4638221263885498
opt-125m,4,23,0.0004,1.4919373989105225
opt-125m,4,24,0.0003,1.516869306564331
opt-125m,4,25,0.0003,1.5387667417526245
opt-125m,4,26,0.0002,1.5579578876495361
opt-125m,4,27,0.0002,1.574651837348938
opt-125m,4,28,0.0002,1.5891848802566528
opt-125m,4,29,0.0002,1.6016432046890259
opt-125m,4,30,0.0002,1.6122801303863525
opt-125m,4,31,0.0002,1.6212990283966064
opt-125m,4,32,0.0001,1.6288312673568726
opt-125m,4,33,0.0001,1.635032057762146
opt-125m,4,34,0.0001,1.6400625705718994
opt-125m,4,35,0.0001,1.6440842151641846
opt-125m,4,36,0.0001,1.6472059488296509
opt-125m,4,37,0.0001,1.6495472192764282
opt-125m,4,38,0.0001,1.6511796712875366
opt-125m,4,39,0.0001,1.652191400527954
opt-125m,4,40,0.0001,1.6526654958724976
opt-125m,4,1,0.6004,0.6946821212768555
opt-125m,4,2,0.6448,0.6864043474197388
opt-125m,4,3,0.6184,0.6736258268356323
opt-125m,4,4,0.3701,0.6626557111740112
opt-125m,4,5,0.2878,0.661803126335144
opt-125m,4,6,0.1743,0.6708940267562866
opt-125m,4,7,0.0934,0.6877621412277222
opt-125m,4,8,0.057,0.7064603567123413
opt-125m,4,9,0.0474,0.7264629602432251
opt-125m,4,10,0.0208,0.7505180239677429
opt-125m,4,11,0.015,0.7759567499160767
opt-125m,4,12,0.0099,0.8061394691467285
opt-125m,4,13,0.0054,0.8413130640983582
opt-125m,4,14,0.0038,0.8788835406303406
opt-125m,4,15,0.0026,0.9171990156173706
opt-125m,4,16,0.0016,0.9549557566642761
opt-125m,4,17,0.0013,0.9914695620536804
opt-125m,4,18,0.0008,1.0263874530792236
opt-125m,4,19,0.0006,1.0593082904815674
opt-125m,4,20,0.0006,1.0898637771606445
opt-125m,4,21,0.0004,1.117425799369812
opt-125m,4,22,0.0004,1.142441987991333
opt-125m,4,23,0.0004,1.1646853685379028
opt-125m,4,24,0.0003,1.184333086013794
opt-125m,4,25,0.0003,1.201613187789917
opt-125m,4,26,0.0003,1.2168147563934326
opt-125m,4,27,0.0003,1.2302236557006836
opt-125m,4,28,0.0002,1.2418583631515503
opt-125m,4,29,0.0002,1.2518137693405151
opt-125m,4,30,0.0002,1.2604172229766846
opt-125m,4,31,0.0002,1.2677056789398193
opt-125m,4,32,0.0002,1.2737834453582764
opt-125m,4,33,0.0002,1.2788441181182861
opt-125m,4,34,0.0002,1.2829543352127075
opt-125m,4,35,0.0002,1.286261796951294
opt-125m,4,36,0.0001,1.2888199090957642
opt-125m,4,37,0.0002,1.2907439470291138
opt-125m,4,38,0.0002,1.2921017408370972
opt-125m,4,39,0.0001,1.2929402589797974
opt-125m,4,40,0.0001,1.2933323383331299
opt-125m,4,1,0.7198,0.6946821212768555
opt-125m,4,2,0.6028,0.6934338808059692
opt-125m,4,3,0.554,0.6907859444618225
opt-125m,4,4,0.4384,0.684991717338562
opt-125m,4,5,0.3221,0.6800033450126648
opt-125m,4,6,0.1978,0.6800893545150757
opt-125m,4,7,0.1304,0.6805771589279175
opt-125m,4,8,0.084,0.6824416518211365
opt-125m,4,9,0.057,0.6834832429885864
opt-125m,4,10,0.0268,0.6855995059013367
opt-125m,4,11,0.0249,0.6883382201194763
opt-125m,4,12,0.0126,0.6893428564071655
opt-125m,4,13,0.0078,0.6913629770278931
opt-125m,4,14,0.0066,0.6924962997436523
opt-125m,4,15,0.0042,0.6931167840957642
opt-125m,4,16,0.0036,0.6928954124450684
opt-125m,4,17,0.0022,0.6921740770339966
opt-125m,4,18,0.0014,0.6911312341690063
opt-125m,4,19,0.0015,0.6901955604553223
opt-125m,4,20,0.001,0.689501166343689
opt-125m,4,21,0.001,0.6886327862739563
opt-125m,4,22,0.0008,0.6877155900001526
opt-125m,4,23,0.0005,0.6870566010475159
opt-125m,4,24,0.0004,0.6865377426147461
opt-125m,4,25,0.0007,0.6862125992774963
opt-125m,4,26,0.0004,0.6859984993934631
opt-125m,4,27,0.0004,0.6857719421386719
opt-125m,4,28,0.0004,0.6855897307395935
opt-125m,4,29,0.0004,0.6855021715164185
opt-125m,4,30,0.0003,0.6855024099349976
opt-125m,4,31,0.0003,0.6854566931724548
opt-125m,4,32,0.0003,0.6854115724563599
opt-125m,4,33,0.0003,0.6854004263877869
opt-125m,4,34,0.0003,0.6853972673416138
opt-125m,4,35,0.0003,0.6853967308998108
opt-125m,4,36,0.0003,0.6853976249694824
opt-125m,4,37,0.0002,0.6854013204574585
opt-125m,4,38,0.0002,0.6854075193405151
opt-125m,4,39,0.0003,0.6854139566421509
opt-125m,4,40,0.0002,0.6854167580604553
opt-125m,4,1,0.5667,0.6946821212768555
opt-125m,4,2,0.4914,0.6914647817611694
opt-125m,4,3,0.5431,0.6848217248916626
opt-125m,4,4,0.4016,0.6770965456962585
opt-125m,4,5,0.2776,0.670453667640686
opt-125m,4,6,0.1603,0.6641496419906616
opt-125m,4,7,0.1041,0.6599122881889343
opt-125m,4,8,0.0815,0.6580630540847778
opt-125m,4,9,0.0388,0.6591368317604065
opt-125m,4,10,0.025,0.6611515283584595
opt-125m,4,11,0.0221,0.6625305414199829
opt-125m,4,12,0.0104,0.6626827120780945
opt-125m,4,13,0.0087,0.662162184715271
opt-125m,4,14,0.004,0.6615511178970337
opt-125m,4,15,0.0037,0.660798192024231
opt-125m,4,16,0.0029,0.660570502281189
opt-125m,4,17,0.0022,0.6604772806167603
opt-125m,4,18,0.0012,0.6604992151260376
opt-125m,4,19,0.0009,0.6606332063674927
opt-125m,4,20,0.0009,0.6607743501663208
opt-125m,4,21,0.0008,0.6607450246810913
opt-125m,4,22,0.0005,0.6607755422592163
opt-125m,4,23,0.0004,0.6606298089027405
opt-125m,4,24,0.0004,0.660453736782074
opt-125m,4,25,0.0003,0.6602047681808472
opt-125m,4,26,0.0002,0.6599141359329224
opt-125m,4,27,0.0004,0.6595240831375122
opt-125m,4,28,0.0002,0.6591588258743286
opt-125m,4,29,0.0003,0.6588374972343445
opt-125m,4,30,0.0002,0.6585253477096558
opt-125m,4,31,0.0002,0.6582604646682739
opt-125m,4,32,0.0002,0.6580511331558228
opt-125m,4,33,0.0002,0.6578542590141296
opt-125m,4,34,0.0002,0.657676637172699
opt-125m,4,35,0.0002,0.6575185060501099
opt-125m,4,36,0.0002,0.6573926210403442
opt-125m,4,37,0.0002,0.6572922468185425
opt-125m,4,38,0.0002,0.657219409942627
opt-125m,4,39,0.0002,0.6571811437606812
opt-125m,4,40,0.0002,0.6571630835533142
opt-125m,4,1,0.6687,0.6946821212768555
opt-125m,4,2,0.7975,0.6848949193954468
opt-125m,4,3,0.6658,0.6693898439407349
opt-125m,4,4,0.4596,0.658846378326416
opt-125m,4,5,0.4077,0.6609768271446228
opt-125m,4,6,0.2637,0.6748253107070923
opt-125m,4,7,0.215,0.6908987760543823
opt-125m,4,8,0.1503,0.7067440748214722
opt-125m,4,9,0.1132,0.7173806428909302
opt-125m,4,10,0.0722,0.7235127687454224
opt-125m,4,11,0.0545,0.7269672155380249
opt-125m,4,12,0.0401,0.7287174463272095
opt-125m,4,13,0.024,0.7331148386001587
opt-125m,4,14,0.0171,0.7401851415634155
opt-125m,4,15,0.0097,0.7497836947441101
opt-125m,4,16,0.0061,0.7627014517784119
opt-125m,4,17,0.0045,0.7776368856430054
opt-125m,4,18,0.0027,0.7936339378356934
opt-125m,4,19,0.0026,0.8112027049064636
opt-125m,4,20,0.0017,0.8294962048530579
opt-125m,4,21,0.0013,0.8473512530326843
opt-125m,4,22,0.0011,0.8639289140701294
opt-125m,4,23,0.001,0.8800042271614075
opt-125m,4,24,0.0007,0.8954402804374695
opt-125m,4,25,0.0007,0.9096700549125671
opt-125m,4,26,0.0006,0.9228259921073914
opt-125m,4,27,0.0005,0.9345977902412415
opt-125m,4,28,0.0004,0.9449369311332703
opt-125m,4,29,0.0004,0.9541186094284058
opt-125m,4,30,0.0005,0.962208092212677
opt-125m,4,31,0.0004,0.9692942500114441
opt-125m,4,32,0.0004,0.9753036499023438
opt-125m,4,33,0.0004,0.9803735017776489
opt-125m,4,34,0.0003,0.9845010042190552
opt-125m,4,35,0.0003,0.9878596067428589
opt-125m,4,36,0.0003,0.9905271530151367
opt-125m,4,37,0.0003,0.9925380945205688
opt-125m,4,38,0.0002,0.993939220905304
opt-125m,4,39,0.0002,0.994815468788147
opt-125m,4,40,0.0003,0.9952327609062195
opt-125m,4,1,0.7232,0.6946821212768555
opt-125m,4,2,0.6695,0.6842936277389526
opt-125m,4,3,0.6216,0.668152391910553
opt-125m,4,4,0.4363,0.6553572416305542
opt-125m,4,5,0.3229,0.6525784730911255
opt-125m,4,6,0.2084,0.661038875579834
opt-125m,4,7,0.1383,0.6740316152572632
opt-125m,4,8,0.0964,0.6862375140190125
opt-125m,4,9,0.0505,0.6975102424621582
opt-125m,4,10,0.0274,0.711178183555603
opt-125m,4,11,0.0141,0.7316374182701111
opt-125m,4,12,0.0115,0.7547920942306519
opt-125m,4,13,0.0068,0.7820349931716919
opt-125m,4,14,0.0042,0.8116612434387207
opt-125m,4,15,0.0032,0.8438102006912231
opt-125m,4,16,0.0019,0.8761833310127258
opt-125m,4,17,0.0015,0.9085624814033508
opt-125m,4,18,0.0011,0.9399269223213196
opt-125m,4,19,0.0009,0.9699221849441528
opt-125m,4,20,0.0007,0.9982736706733704
opt-125m,4,21,0.0004,1.0245987176895142
opt-125m,4,22,0.0004,1.048370122909546
opt-125m,4,23,0.0004,1.0696542263031006
opt-125m,4,24,0.0003,1.0888254642486572
opt-125m,4,25,0.0003,1.1059601306915283
opt-125m,4,26,0.0002,1.121138334274292
opt-125m,4,27,0.0002,1.1344377994537354
opt-125m,4,28,0.0003,1.1459969282150269
opt-125m,4,29,0.0002,1.1561033725738525
opt-125m,4,30,0.0002,1.1646826267242432
opt-125m,4,31,0.0002,1.17197585105896
opt-125m,4,32,0.0002,1.1780574321746826
opt-125m,4,33,0.0002,1.1831128597259521
opt-125m,4,34,0.0002,1.1872295141220093
opt-125m,4,35,0.0002,1.190443754196167
opt-125m,4,36,0.0002,1.192795991897583
opt-125m,4,37,0.0002,1.1945111751556396
opt-125m,4,38,0.0002,1.1957170963287354
opt-125m,4,39,0.0001,1.1964800357818604
opt-125m,4,40,0.0002,1.1968425512313843
opt-125m,6,1,0.6339,0.6946821212768555
opt-125m,6,2,0.6192,0.6980398297309875
opt-125m,6,3,0.6144,0.7018204927444458
opt-125m,6,4,0.5677,0.7089266777038574
opt-125m,6,5,0.3929,0.7194658517837524
opt-125m,6,6,0.2934,0.7226227521896362
opt-125m,6,7,0.1795,0.7244696617126465
opt-125m,6,8,0.1301,0.7233943939208984
opt-125m,6,9,0.0905,0.7162990570068359
opt-125m,6,10,0.0526,0.7072629332542419
opt-125m,6,11,0.0409,0.700142502784729
opt-125m,6,12,0.0261,0.6912544965744019
opt-125m,6,13,0.0198,0.6853299736976624
opt-125m,6,14,0.0108,0.6805755496025085
opt-125m,6,15,0.0112,0.6771341562271118
opt-125m,6,16,0.0073,0.6733435392379761
opt-125m,6,17,0.0049,0.670089840888977
opt-125m,6,18,0.0035,0.6666167974472046
opt-125m,6,19,0.0026,0.6634172797203064
opt-125m,6,20,0.0025,0.6604989767074585
opt-125m,6,21,0.0015,0.6581388711929321
opt-125m,6,22,0.0014,0.6560062170028687
opt-125m,6,23,0.0012,0.6544002890586853
opt-125m,6,24,0.0011,0.653023362159729
opt-125m,6,25,0.0009,0.6518396139144897
opt-125m,6,26,0.0008,0.6510013341903687
opt-125m,6,27,0.0008,0.650229811668396
opt-125m,6,28,0.0006,0.6495490670204163
opt-125m,6,29,0.0007,0.6490358114242554
opt-125m,6,30,0.0006,0.6487177610397339
opt-125m,6,31,0.0006,0.6484934091567993
opt-125m,6,32,0.0005,0.6483811140060425
opt-125m,6,33,0.0007,0.6483465433120728
opt-125m,6,34,0.0005,0.6483791470527649
opt-125m,6,35,0.0005,0.6484133005142212
opt-125m,6,36,0.0004,0.64846271276474
opt-125m,6,37,0.0005,0.6484977006912231
opt-125m,6,38,0.0005,0.6485377550125122
opt-125m,6,39,0.0005,0.6485832333564758
opt-125m,6,40,0.0005,0.648605465888977
opt-125m,6,1,0.908,0.6946821212768555
opt-125m,6,2,0.8482,0.684500515460968
opt-125m,6,3,0.7371,0.6699236631393433
opt-125m,6,4,0.6477,0.6610966920852661
opt-125m,6,5,0.456,0.6662677526473999
opt-125m,6,6,0.4007,0.6814006567001343
opt-125m,6,7,0.3635,0.6940916180610657
opt-125m,6,8,0.2187,0.7025347948074341
opt-125m,6,9,0.2244,0.7044872045516968
opt-125m,6,10,0.1347,0.7039793729782104
opt-125m,6,11,0.1108,0.7014526128768921
opt-125m,6,12,0.0856,0.6988154649734497
opt-125m,6,13,0.0667,0.6986149549484253
opt-125m,6,14,0.0467,0.7012714743614197
opt-125m,6,15,0.0314,0.7072287797927856
opt-125m,6,16,0.022,0.7164539098739624
opt-125m,6,17,0.0147,0.7270897626876831
opt-125m,6,18,0.0105,0.7389407157897949
opt-125m,6,19,0.0081,0.7498964667320251
opt-125m,6,20,0.0048,0.7624424695968628
opt-125m,6,21,0.0048,0.7752076387405396
opt-125m,6,22,0.0037,0.7863929867744446
opt-125m,6,23,0.0021,0.7976833581924438
opt-125m,6,24,0.0018,0.8085597157478333
opt-125m,6,25,0.0019,0.8197312355041504
opt-125m,6,26,0.0014,0.8301515579223633
opt-125m,6,27,0.0012,0.8399192690849304
opt-125m,6,28,0.001,0.8492223620414734
opt-125m,6,29,0.0007,0.8577280044555664
opt-125m,6,30,0.0009,0.865235447883606
opt-125m,6,31,0.0007,0.8716767430305481
opt-125m,6,32,0.0006,0.8772942423820496
opt-125m,6,33,0.0007,0.8821488618850708
opt-125m,6,34,0.0006,0.8861804008483887
opt-125m,6,35,0.0005,0.8894535303115845
opt-125m,6,36,0.0005,0.8920313715934753
opt-125m,6,37,0.0005,0.8940289616584778
opt-125m,6,38,0.0005,0.8954388499259949
opt-125m,6,39,0.0004,0.8963211178779602
opt-125m,6,40,0.0005,0.8967399597167969
opt-125m,6,1,0.8741,0.6946821212768555
opt-125m,6,2,0.7861,0.7054146528244019
opt-125m,6,3,0.7385,0.7309364080429077
opt-125m,6,4,0.6738,0.7708295583724976
opt-125m,6,5,0.4794,0.8240232467651367
opt-125m,6,6,0.3876,0.8619120717048645
opt-125m,6,7,0.2951,0.883818507194519
opt-125m,6,8,0.2241,0.8824056386947632
opt-125m,6,9,0.1161,0.8824195861816406
opt-125m,6,10,0.0898,0.8850423693656921
opt-125m,6,11,0.0621,0.8847087621688843
opt-125m,6,12,0.0455,0.89166659116745
opt-125m,6,13,0.0306,0.9077304005622864
opt-125m,6,14,0.0215,0.9278590083122253
opt-125m,6,15,0.0147,0.9539211392402649
opt-125m,6,16,0.0083,0.9834302067756653
opt-125m,6,17,0.0059,1.0147968530654907
opt-125m,6,18,0.0044,1.0453031063079834
opt-125m,6,19,0.003,1.0736815929412842
opt-125m,6,20,0.0023,1.0965954065322876
opt-125m,6,21,0.0017,1.1178505420684814
opt-125m,6,22,0.0013,1.136991262435913
opt-125m,6,23,0.0011,1.1552226543426514
opt-125m,6,24,0.0008,1.1714770793914795
opt-125m,6,25,0.0008,1.186814308166504
opt-125m,6,26,0.0006,1.2001111507415771
opt-125m,6,27,0.0006,1.2115561962127686
opt-125m,6,28,0.0006,1.2214562892913818
opt-125m,6,29,0.0006,1.2297611236572266
opt-125m,6,30,0.0005,1.2370864152908325
opt-125m,6,31,0.0003,1.2433398962020874
opt-125m,6,32,0.0003,1.2486886978149414
opt-125m,6,33,0.0003,1.253245234489441
opt-125m,6,34,0.0003,1.257066011428833
opt-125m,6,35,0.0003,1.2601442337036133
opt-125m,6,36,0.0003,1.2625799179077148
opt-125m,6,37,0.0003,1.2644217014312744
opt-125m,6,38,0.0004,1.2657830715179443
opt-125m,6,39,0.0004,1.266708493232727
opt-125m,6,40,0.0003,1.2671325206756592
opt-125m,6,1,0.5889,0.6946821212768555
opt-125m,6,2,0.6012,0.6796284914016724
opt-125m,6,3,0.5334,0.6627582311630249
opt-125m,6,4,0.4116,0.6729570031166077
opt-125m,6,5,0.2335,0.7390297651290894
opt-125m,6,6,0.1041,0.8541607856750488
opt-125m,6,7,0.0418,1.0060338973999023
opt-125m,6,8,0.0219,1.1771773099899292
opt-125m,6,9,0.0114,1.3597948551177979
opt-125m,6,10,0.0056,1.5423405170440674
opt-125m,6,11,0.0029,1.7155685424804688
opt-125m,6,12,0.0017,1.8755385875701904
opt-125m,6,13,0.0009,2.021242618560791
opt-125m,6,14,0.0005,2.152651309967041
opt-125m,6,15,0.0004,2.271618604660034
opt-125m,6,16,0.0003,2.378030300140381
opt-125m,6,17,0.0002,2.472878932952881
opt-125m,6,18,0.0002,2.556000232696533
opt-125m,6,19,0.0001,2.6288514137268066
opt-125m,6,20,0.0001,2.6928505897521973
opt-125m,6,21,0.0001,2.7491166591644287
opt-125m,6,22,0.0001,2.79827880859375
opt-125m,6,23,0.0001,2.840782642364502
opt-125m,6,24,0.0,2.877473831176758
opt-125m,6,25,0.0,2.909071445465088
opt-125m,6,26,0.0001,2.936067581176758
opt-125m,6,27,0.0001,2.959216833114624
opt-125m,6,28,0.0,2.9788362979888916
opt-125m,6,29,0.0,2.9954543113708496
opt-125m,6,30,0.0,3.0094168186187744
opt-125m,6,31,0.0,3.0210540294647217
opt-125m,6,32,0.0,3.030669927597046
opt-125m,6,33,0.0,3.0385022163391113
opt-125m,6,34,0.0,3.044797420501709
opt-125m,6,35,0.0,3.049776554107666
opt-125m,6,36,0.0,3.053612232208252
opt-125m,6,37,0.0,3.0564322471618652
opt-125m,6,38,0.0,3.058384418487549
opt-125m,6,39,0.0,3.0595853328704834
opt-125m,6,40,0.0,3.0601401329040527
opt-125m,6,1,1.0328,0.6946821212768555
opt-125m,6,2,0.9798,0.6948436498641968
opt-125m,6,3,0.8241,0.6959275007247925
opt-125m,6,4,0.9339,0.6953247785568237
opt-125m,6,5,0.6697,0.6928525567054749
opt-125m,6,6,0.4866,0.6910032629966736
opt-125m,6,7,0.359,0.6905249357223511
opt-125m,6,8,0.2869,0.688522219657898
opt-125m,6,9,0.1627,0.6875721216201782
opt-125m,6,10,0.1392,0.689297080039978
opt-125m,6,11,0.0774,0.6930752992630005
opt-125m,6,12,0.0652,0.6984697580337524
opt-125m,6,13,0.0413,0.7078935503959656
opt-125m,6,14,0.0291,0.717441976070404
opt-125m,6,15,0.0183,0.7274898290634155
opt-125m,6,16,0.0145,0.7394579648971558
opt-125m,6,17,0.0107,0.7493577003479004
opt-125m,6,18,0.0069,0.7576737403869629
opt-125m,6,19,0.0048,0.7640920877456665
opt-125m,6,20,0.0043,0.7703725099563599
opt-125m,6,21,0.0031,0.7760530710220337
opt-125m,6,22,0.0023,0.7810985445976257
opt-125m,6,23,0.0022,0.78630530834198
opt-125m,6,24,0.0017,0.7912558317184448
opt-125m,6,25,0.0011,0.7957221269607544
opt-125m,6,26,0.0012,0.7999662160873413
opt-125m,6,27,0.0011,0.8035723567008972
opt-125m,6,28,0.0009,0.806998074054718
opt-125m,6,29,0.0008,0.8099746704101562
opt-125m,6,30,0.0007,0.8125737309455872
opt-125m,6,31,0.0007,0.8146628141403198
opt-125m,6,32,0.0007,0.8164392709732056
opt-125m,6,33,0.0006,0.8178468942642212
opt-125m,6,34,0.0006,0.818951427936554
opt-125m,6,35,0.0006,0.8198636770248413
opt-125m,6,36,0.0005,0.8205119371414185
opt-125m,6,37,0.0006,0.8209739923477173
opt-125m,6,38,0.0005,0.8212647438049316
opt-125m,6,39,0.0006,0.8214439153671265
opt-125m,6,40,0.0004,0.8215236663818359
opt-125m,6,1,0.7843,0.6946821212768555
opt-125m,6,2,0.7497,0.6932215690612793
opt-125m,6,3,0.6754,0.6898726224899292
opt-125m,6,4,0.6781,0.6852350831031799
opt-125m,6,5,0.4595,0.6797866225242615
opt-125m,6,6,0.2843,0.671902596950531
opt-125m,6,7,0.2014,0.6632941961288452
opt-125m,6,8,0.1507,0.6571356058120728
opt-125m,6,9,0.0964,0.6530399918556213
opt-125m,6,10,0.0684,0.6495651006698608
opt-125m,6,11,0.0413,0.6479173898696899
opt-125m,6,12,0.0318,0.648147702217102
opt-125m,6,13,0.0233,0.6507169604301453
opt-125m,6,14,0.0145,0.6541880369186401
opt-125m,6,15,0.0106,0.6568711996078491
opt-125m,6,16,0.0082,0.660224974155426
opt-125m,6,17,0.0047,0.6644829511642456
opt-125m,6,18,0.0039,0.6704603433609009
opt-125m,6,19,0.003,0.6773375272750854
opt-125m,6,20,0.0024,0.6848673820495605
opt-125m,6,21,0.0017,0.6922231912612915
opt-125m,6,22,0.0017,0.6993840932846069
opt-125m,6,23,0.0014,0.7064031362533569
opt-125m,6,24,0.001,0.7129589319229126
opt-125m,6,25,0.0009,0.7192100286483765
opt-125m,6,26,0.0007,0.7251244783401489
opt-125m,6,27,0.0009,0.7304383516311646
opt-125m,6,28,0.0007,0.7352201342582703
opt-125m,6,29,0.0005,0.7396327257156372
opt-125m,6,30,0.0006,0.7436227202415466
opt-125m,6,31,0.0005,0.7472214102745056
opt-125m,6,32,0.0005,0.7502908110618591
opt-125m,6,33,0.0004,0.7528911828994751
opt-125m,6,34,0.0004,0.7550168037414551
opt-125m,6,35,0.0004,0.7567301988601685
opt-125m,6,36,0.0004,0.7580956220626831
opt-125m,6,37,0.0004,0.7591424584388733
opt-125m,6,38,0.0005,0.7598866820335388
opt-125m,6,39,0.0004,0.7603632211685181
opt-125m,6,40,0.0003,0.7605925798416138
opt-125m,6,1,1.0455,0.6946821212768555
opt-125m,6,2,1.0566,0.6915163993835449
opt-125m,6,3,0.8061,0.6868947744369507
opt-125m,6,4,0.7516,0.6825294494628906
opt-125m,6,5,0.624,0.6754127740859985
opt-125m,6,6,0.4448,0.670120358467102
opt-125m,6,7,0.3546,0.6680212020874023
opt-125m,6,8,0.2247,0.6647607088088989
opt-125m,6,9,0.1803,0.66065514087677
opt-125m,6,10,0.1175,0.6582130193710327
opt-125m,6,11,0.0982,0.6558913588523865
opt-125m,6,12,0.0766,0.653995156288147
opt-125m,6,13,0.0456,0.6529103517532349
opt-125m,6,14,0.0321,0.6516394019126892
opt-125m,6,15,0.0246,0.6509894728660583
opt-125m,6,16,0.0145,0.6514254808425903
opt-125m,6,17,0.0124,0.6533845663070679
opt-125m,6,18,0.0071,0.6572259664535522
opt-125m,6,19,0.0065,0.6623339056968689
opt-125m,6,20,0.005,0.6675509810447693
opt-125m,6,21,0.0035,0.6726251244544983
opt-125m,6,22,0.0026,0.6778386831283569
opt-125m,6,23,0.002,0.6834192276000977
opt-125m,6,24,0.002,0.6894647479057312
opt-125m,6,25,0.0012,0.6951614618301392
opt-125m,6,26,0.0014,0.7003480195999146
opt-125m,6,27,0.0012,0.7052850723266602
opt-125m,6,28,0.0009,0.7099477052688599
opt-125m,6,29,0.0009,0.7142268419265747
opt-125m,6,30,0.0009,0.7180730104446411
opt-125m,6,31,0.0007,0.7215625047683716
opt-125m,6,32,0.0008,0.7245904207229614
opt-125m,6,33,0.0006,0.7272329330444336
opt-125m,6,34,0.0006,0.7294426560401917
opt-125m,6,35,0.0006,0.7312610745429993
opt-125m,6,36,0.0006,0.7327133417129517
opt-125m,6,37,0.0006,0.7339099645614624
opt-125m,6,38,0.0005,0.7347646951675415
opt-125m,6,39,0.0005,0.735294759273529
opt-125m,6,40,0.0006,0.7355488538742065
opt-125m,6,1,0.5471,0.6946821212768555
opt-125m,6,2,0.5303,0.7095392942428589
opt-125m,6,3,0.4644,0.746461033821106
opt-125m,6,4,0.3861,0.8216214179992676
opt-125m,6,5,0.2706,0.9543196558952332
opt-125m,6,6,0.1539,1.0973464250564575
opt-125m,6,7,0.1059,1.2262852191925049
opt-125m,6,8,0.0635,1.3334591388702393
opt-125m,6,9,0.0512,1.4302551746368408
opt-125m,6,10,0.0322,1.5102722644805908
opt-125m,6,11,0.0193,1.5732014179229736
opt-125m,6,12,0.0131,1.6300159692764282
opt-125m,6,13,0.0094,1.6858932971954346
opt-125m,6,14,0.0052,1.7365953922271729
opt-125m,6,15,0.0047,1.7868942022323608
opt-125m,6,16,0.0035,1.8353124856948853
opt-125m,6,17,0.0025,1.8794829845428467
opt-125m,6,18,0.002,1.9202827215194702
opt-125m,6,19,0.0016,1.9566549062728882
opt-125m,6,20,0.0015,1.9894542694091797
opt-125m,6,21,0.0009,2.0192065238952637
opt-125m,6,22,0.0008,2.0460000038146973
opt-125m,6,23,0.0006,2.070146322250366
opt-125m,6,24,0.0007,2.0918240547180176
opt-125m,6,25,0.0008,2.1114675998687744
opt-125m,6,26,0.0005,2.1285433769226074
opt-125m,6,27,0.0004,2.1433329582214355
opt-125m,6,28,0.0004,2.156229257583618
opt-125m,6,29,0.0005,2.1678109169006348
opt-125m,6,30,0.0004,2.1775174140930176
opt-125m,6,31,0.0004,2.185932159423828
opt-125m,6,32,0.0003,2.1930649280548096
opt-125m,6,33,0.0004,2.1991400718688965
opt-125m,6,34,0.0003,2.204078197479248
opt-125m,6,35,0.0004,2.2080605030059814
opt-125m,6,36,0.0004,2.211289882659912
opt-125m,6,37,0.0004,2.2137579917907715
opt-125m,6,38,0.0004,2.2155039310455322
opt-125m,6,39,0.0003,2.2166123390197754
opt-125m,6,40,0.0004,2.2171473503112793
opt-125m,6,1,0.6552,0.6946821212768555
opt-125m,6,2,0.7249,0.6849037408828735
opt-125m,6,3,0.7898,0.670587420463562
opt-125m,6,4,0.5389,0.6638344526290894
opt-125m,6,5,0.4822,0.6709685325622559
opt-125m,6,6,0.3669,0.6843332052230835
opt-125m,6,7,0.2405,0.6925264596939087
opt-125m,6,8,0.2216,0.6975626349449158
opt-125m,6,9,0.1281,0.6980434656143188
opt-125m,6,10,0.0741,0.6986416578292847
opt-125m,6,11,0.0751,0.7005600929260254
opt-125m,6,12,0.046,0.7014940977096558
opt-125m,6,13,0.0344,0.7036021947860718
opt-125m,6,14,0.0237,0.7065414786338806
opt-125m,6,15,0.0161,0.707558274269104
opt-125m,6,16,0.0138,0.7108746767044067
opt-125m,6,17,0.008,0.7159368395805359
opt-125m,6,18,0.0066,0.723098874092102
opt-125m,6,19,0.0044,0.7308207750320435
opt-125m,6,20,0.0032,0.7393635511398315
opt-125m,6,21,0.0026,0.748214840888977
opt-125m,6,22,0.0017,0.7565857172012329
opt-125m,6,23,0.0013,0.7647668123245239
opt-125m,6,24,0.0012,0.7726815938949585
opt-125m,6,25,0.001,0.7803845405578613
opt-125m,6,26,0.001,0.787448525428772
opt-125m,6,27,0.0009,0.7936403155326843
opt-125m,6,28,0.001,0.7987768054008484
opt-125m,6,29,0.0006,0.803221583366394
opt-125m,6,30,0.0006,0.8070472478866577
opt-125m,6,31,0.0007,0.8103674054145813
opt-125m,6,32,0.0005,0.8132696151733398
opt-125m,6,33,0.0005,0.815600574016571
opt-125m,6,34,0.0005,0.817544162273407
opt-125m,6,35,0.0005,0.8190986514091492
opt-125m,6,36,0.0005,0.820294201374054
opt-125m,6,37,0.0005,0.8211504220962524
opt-125m,6,38,0.0005,0.8217566609382629
opt-125m,6,39,0.0005,0.8221490979194641
opt-125m,6,40,0.0004,0.8223298788070679
opt-125m,6,1,0.8524,0.6946821212768555
opt-125m,6,2,0.7024,0.7014660239219666
opt-125m,6,3,0.6764,0.7179673910140991
opt-125m,6,4,0.5296,0.7455469369888306
opt-125m,6,5,0.3512,0.7878211736679077
opt-125m,6,6,0.1982,0.8406161069869995
opt-125m,6,7,0.1164,0.8999921083450317
opt-125m,6,8,0.0894,0.9695485234260559
opt-125m,6,9,0.0494,1.0310907363891602
opt-125m,6,10,0.0342,1.1016438007354736
opt-125m,6,11,0.0172,1.1734228134155273
opt-125m,6,12,0.012,1.2596946954727173
opt-125m,6,13,0.0061,1.3463585376739502
opt-125m,6,14,0.004,1.4340155124664307
opt-125m,6,15,0.0034,1.5186138153076172
opt-125m,6,16,0.0021,1.5989129543304443
opt-125m,6,17,0.0015,1.6737779378890991
opt-125m,6,18,0.0011,1.7430130243301392
opt-125m,6,19,0.0008,1.806714653968811
opt-125m,6,20,0.0006,1.8641020059585571
opt-125m,6,21,0.0007,1.91537606716156
opt-125m,6,22,0.0004,1.9609110355377197
opt-125m,6,23,0.0004,2.001089572906494
opt-125m,6,24,0.0003,2.0362303256988525
opt-125m,6,25,0.0003,2.0671401023864746
opt-125m,6,26,0.0003,2.0939018726348877
opt-125m,6,27,0.0003,2.117159366607666
opt-125m,6,28,0.0002,2.1371822357177734
opt-125m,6,29,0.0002,2.1541504859924316
opt-125m,6,30,0.0002,2.1686387062072754
opt-125m,6,31,0.0002,2.1808571815490723
opt-125m,6,32,0.0002,2.191101551055908
opt-125m,6,33,0.0002,2.199493169784546
opt-125m,6,34,0.0002,2.2063629627227783
opt-125m,6,35,0.0002,2.2118115425109863
opt-125m,6,36,0.0001,2.2160401344299316
opt-125m,6,37,0.0002,2.2192001342773438
opt-125m,6,38,0.0002,2.2214245796203613
opt-125m,6,39,0.0002,2.222810745239258
opt-125m,6,40,0.0001,2.223456859588623
opt-125m,8,1,0.8318,0.6946821212768555
opt-125m,8,2,0.8683,0.6887622475624084
opt-125m,8,3,0.7613,0.6773691177368164
opt-125m,8,4,0.6388,0.6664722561836243
opt-125m,8,5,0.5068,0.6661244630813599
opt-125m,8,6,0.3938,0.6762024164199829
opt-125m,8,7,0.2927,0.6923424005508423
opt-125m,8,8,0.2271,0.7073196172714233
opt-125m,8,9,0.1514,0.7241015434265137
opt-125m,8,10,0.1284,0.7430859208106995
opt-125m,8,11,0.0877,0.7585829496383667
opt-125m,8,12,0.0613,0.7733515501022339
opt-125m,8,13,0.044,0.7849403619766235
opt-125m,8,14,0.0382,0.7990044355392456
opt-125m,8,15,0.0257,0.8147177696228027
opt-125m,8,16,0.0188,0.8335645794868469
opt-125m,8,17,0.0165,0.853095531463623
opt-125m,8,18,0.0097,0.872204601764679
opt-125m,8,19,0.0075,0.8908945918083191
opt-125m,8,20,0.005,0.9086548089981079
opt-125m,8,21,0.0042,0.9265391230583191
opt-125m,8,22,0.0032,0.9439395070075989
opt-125m,8,23,0.0025,0.9615036249160767
opt-125m,8,24,0.0022,0.9780184626579285
opt-125m,8,25,0.0017,0.9934977293014526
opt-125m,8,26,0.0016,1.008298635482788
opt-125m,8,27,0.0014,1.0221378803253174
opt-125m,8,28,0.001,1.0349866151809692
opt-125m,8,29,0.0009,1.0464718341827393
opt-125m,8,30,0.0008,1.0568009614944458
opt-125m,8,31,0.0008,1.065908670425415
opt-125m,8,32,0.0007,1.0738465785980225
opt-125m,8,33,0.0007,1.0805881023406982
opt-125m,8,34,0.0007,1.086342215538025
opt-125m,8,35,0.0006,1.0910274982452393
opt-125m,8,36,0.0006,1.0948002338409424
opt-125m,8,37,0.0007,1.0977632999420166
opt-125m,8,38,0.0007,1.100032091140747
opt-125m,8,39,0.0006,1.1014937162399292
opt-125m,8,40,0.0007,1.102211833000183
opt-125m,8,1,0.6625,0.6946821212768555
opt-125m,8,2,0.6102,0.6986899375915527
opt-125m,8,3,0.5734,0.7079415917396545
opt-125m,8,4,0.483,0.7223480939865112
opt-125m,8,5,0.4027,0.7368260622024536
opt-125m,8,6,0.2706,0.7443410158157349
opt-125m,8,7,0.1846,0.741120457649231
opt-125m,8,8,0.1436,0.7317666411399841
opt-125m,8,9,0.0918,0.7217062711715698
opt-125m,8,10,0.0512,0.7118874788284302
opt-125m,8,11,0.0371,0.7004055976867676
opt-125m,8,12,0.0233,0.690841794013977
opt-125m,8,13,0.015,0.6850582361221313
opt-125m,8,14,0.0107,0.6805180907249451
opt-125m,8,15,0.0074,0.6776508688926697
opt-125m,8,16,0.0046,0.6761464476585388
opt-125m,8,17,0.0041,0.6756972074508667
opt-125m,8,18,0.0026,0.6771310567855835
opt-125m,8,19,0.0025,0.6791087985038757
opt-125m,8,20,0.0018,0.6817878484725952
opt-125m,8,21,0.0016,0.6847440600395203
opt-125m,8,22,0.0013,0.6878567337989807
opt-125m,8,23,0.0013,0.6900309324264526
opt-125m,8,24,0.0009,0.6920751333236694
opt-125m,8,25,0.0007,0.693855345249176
opt-125m,8,26,0.0007,0.6956454515457153
opt-125m,8,27,0.0006,0.6971908807754517
opt-125m,8,28,0.0006,0.6985234618186951
opt-125m,8,29,0.0005,0.6996058225631714
opt-125m,8,30,0.0005,0.7004979848861694
opt-125m,8,31,0.0005,0.7012346982955933
opt-125m,8,32,0.0005,0.7018417119979858
opt-125m,8,33,0.0005,0.7023149728775024
opt-125m,8,34,0.0004,0.7026768922805786
opt-125m,8,35,0.0004,0.7029576301574707
opt-125m,8,36,0.0004,0.7031703591346741
opt-125m,8,37,0.0004,0.7033235430717468
opt-125m,8,38,0.0004,0.7034050226211548
opt-125m,8,39,0.0004,0.7034546136856079
opt-125m,8,40,0.0004,0.7034805417060852
opt-125m,8,1,0.5444,0.6946821212768555
opt-125m,8,2,0.5639,0.6862454414367676
opt-125m,8,3,0.4841,0.6738907098770142
opt-125m,8,4,0.4387,0.6631094217300415
opt-125m,8,5,0.2972,0.6619023084640503
opt-125m,8,6,0.2305,0.6647075414657593
opt-125m,8,7,0.1685,0.6653374433517456
opt-125m,8,8,0.0935,0.6629199385643005
opt-125m,8,9,0.076,0.6560829877853394
opt-125m,8,10,0.0437,0.6504793167114258
opt-125m,8,11,0.0282,0.6495107412338257
opt-125m,8,12,0.026,0.6508554220199585
opt-125m,8,13,0.0164,0.6517561078071594
opt-125m,8,14,0.01,0.6526006460189819
opt-125m,8,15,0.0071,0.6536788940429688
opt-125m,8,16,0.0057,0.6551011800765991
opt-125m,8,17,0.0042,0.6557360887527466
opt-125m,8,18,0.0032,0.6561287641525269
opt-125m,8,19,0.0027,0.655823290348053
opt-125m,8,20,0.0024,0.6548152565956116
opt-125m,8,21,0.0016,0.6536693572998047
opt-125m,8,22,0.0015,0.6526294350624084
opt-125m,8,23,0.0011,0.6521140933036804
opt-125m,8,24,0.0008,0.6521846055984497
opt-125m,8,25,0.0009,0.6524039506912231
opt-125m,8,26,0.0008,0.6526626348495483
opt-125m,8,27,0.0007,0.6527963876724243
opt-125m,8,28,0.0007,0.6529337167739868
opt-125m,8,29,0.0006,0.6531018018722534
opt-125m,8,30,0.0006,0.6532626152038574
opt-125m,8,31,0.0005,0.6534305810928345
opt-125m,8,32,0.0005,0.6535830497741699
opt-125m,8,33,0.0006,0.6537331938743591
opt-125m,8,34,0.0004,0.6538585424423218
opt-125m,8,35,0.0004,0.6539711952209473
opt-125m,8,36,0.0005,0.6540611982345581
opt-125m,8,37,0.0005,0.6541334390640259
opt-125m,8,38,0.0004,0.6541872024536133
opt-125m,8,39,0.0004,0.6542197465896606
opt-125m,8,40,0.0005,0.654234766960144
opt-125m,8,1,0.6979,0.6946821212768555
opt-125m,8,2,0.6448,0.6817468404769897
opt-125m,8,3,0.6286,0.6665266752243042
opt-125m,8,4,0.4338,0.6662761569023132
opt-125m,8,5,0.3514,0.6950879693031311
opt-125m,8,6,0.2527,0.7302953004837036
opt-125m,8,7,0.2228,0.757874608039856
opt-125m,8,8,0.1752,0.7746812105178833
opt-125m,8,9,0.1235,0.7823971509933472
opt-125m,8,10,0.0921,0.7829622626304626
opt-125m,8,11,0.0712,0.7775587439537048
opt-125m,8,12,0.0408,0.7697767019271851
opt-125m,8,13,0.0331,0.7635565400123596
opt-125m,8,14,0.0242,0.755460262298584
opt-125m,8,15,0.0179,0.7510977983474731
opt-125m,8,16,0.0142,0.7497811913490295
opt-125m,8,17,0.0092,0.751759946346283
opt-125m,8,18,0.0059,0.7557563781738281
opt-125m,8,19,0.0042,0.759684681892395
opt-125m,8,20,0.0041,0.7642277479171753
opt-125m,8,21,0.0026,0.7700785994529724
opt-125m,8,22,0.0018,0.7772823572158813
opt-125m,8,23,0.002,0.7849832773208618
opt-125m,8,24,0.0017,0.7934085130691528
opt-125m,8,25,0.0012,0.8024401664733887
opt-125m,8,26,0.0013,0.8115871548652649
opt-125m,8,27,0.0009,0.8202303647994995
opt-125m,8,28,0.0009,0.8282179832458496
opt-125m,8,29,0.0008,0.8359106779098511
opt-125m,8,30,0.0007,0.8427677154541016
opt-125m,8,31,0.0008,0.8490397334098816
opt-125m,8,32,0.0006,0.8544912338256836
opt-125m,8,33,0.0006,0.8592588305473328
opt-125m,8,34,0.0006,0.8634262084960938
opt-125m,8,35,0.0005,0.8669096231460571
opt-125m,8,36,0.0005,0.8697415590286255
opt-125m,8,37,0.0006,0.8719169497489929
opt-125m,8,38,0.0006,0.8735059499740601
opt-125m,8,39,0.0005,0.8745562434196472
opt-125m,8,40,0.0005,0.8750680685043335
opt-125m,8,1,0.6589,0.6946821212768555
opt-125m,8,2,0.6594,0.6986126899719238
opt-125m,8,3,0.5931,0.7084063291549683
opt-125m,8,4,0.5066,0.7247408032417297
opt-125m,8,5,0.4111,0.7494231462478638
opt-125m,8,6,0.3764,0.7703580260276794
opt-125m,8,7,0.2516,0.7797585725784302
opt-125m,8,8,0.2236,0.778361439704895
opt-125m,8,9,0.1535,0.7706456780433655
opt-125m,8,10,0.0902,0.7678734064102173
opt-125m,8,11,0.0793,0.7738300561904907
opt-125m,8,12,0.0536,0.7882846593856812
opt-125m,8,13,0.0357,0.8025628328323364
opt-125m,8,14,0.0242,0.8215101361274719
opt-125m,8,15,0.0206,0.8416001200675964
opt-125m,8,16,0.0142,0.8573710322380066
opt-125m,8,17,0.0101,0.8716897964477539
opt-125m,8,18,0.0071,0.881939709186554
opt-125m,8,19,0.0055,0.8909788131713867
opt-125m,8,20,0.0041,0.8978506922721863
opt-125m,8,21,0.0031,0.9016688466072083
opt-125m,8,22,0.0027,0.904619574546814
opt-125m,8,23,0.0023,0.9065492749214172
opt-125m,8,24,0.0019,0.9085789918899536
opt-125m,8,25,0.0012,0.9106957316398621
opt-125m,8,26,0.0011,0.9126977920532227
opt-125m,8,27,0.0011,0.914010226726532
opt-125m,8,28,0.0011,0.9152472615242004
opt-125m,8,29,0.0008,0.9159714579582214
opt-125m,8,30,0.0012,0.9167316555976868
opt-125m,8,31,0.0008,0.9175025820732117
opt-125m,8,32,0.0009,0.9181177020072937
opt-125m,8,33,0.0007,0.9186509251594543
opt-125m,8,34,0.0009,0.9191352725028992
opt-125m,8,35,0.0006,0.9195210337638855
opt-125m,8,36,0.0007,0.9199526906013489
opt-125m,8,37,0.0006,0.9203082919120789
opt-125m,8,38,0.0007,0.9205330014228821
opt-125m,8,39,0.0006,0.9206687808036804
opt-125m,8,40,0.0006,0.9207381010055542
opt-125m,8,1,0.7255,0.6946821212768555
opt-125m,8,2,0.7383,0.687107503414154
opt-125m,8,3,0.8336,0.6739268898963928
opt-125m,8,4,0.5895,0.6618889570236206
opt-125m,8,5,0.4351,0.6596340537071228
opt-125m,8,6,0.3602,0.6631964445114136
opt-125m,8,7,0.2415,0.6656515002250671
opt-125m,8,8,0.1566,0.6670409440994263
opt-125m,8,9,0.1616,0.6669458150863647
opt-125m,8,10,0.1164,0.6673612594604492
opt-125m,8,11,0.0768,0.6688116788864136
opt-125m,8,12,0.0525,0.6717740297317505
opt-125m,8,13,0.0318,0.6761598587036133
opt-125m,8,14,0.0265,0.6828725934028625
opt-125m,8,15,0.0193,0.6908014416694641
opt-125m,8,16,0.0115,0.699760913848877
opt-125m,8,17,0.0077,0.709813117980957
opt-125m,8,18,0.0076,0.7215088605880737
opt-125m,8,19,0.0049,0.734403669834137
opt-125m,8,20,0.0037,0.7486177682876587
opt-125m,8,21,0.003,0.7625406980514526
opt-125m,8,22,0.0024,0.7764860391616821
opt-125m,8,23,0.0017,0.7893167734146118
opt-125m,8,24,0.0014,0.8017093539237976
opt-125m,8,25,0.0013,0.8131417036056519
opt-125m,8,26,0.0013,0.8235281705856323
opt-125m,8,27,0.001,0.8327735662460327
opt-125m,8,28,0.001,0.8410195112228394
opt-125m,8,29,0.0008,0.8483392000198364
opt-125m,8,30,0.0009,0.8545495867729187
opt-125m,8,31,0.0008,0.8598451614379883
opt-125m,8,32,0.0007,0.8642962574958801
opt-125m,8,33,0.0007,0.8680305480957031
opt-125m,8,34,0.0006,0.8710951805114746
opt-125m,8,35,0.0005,0.8734935522079468
opt-125m,8,36,0.0006,0.8753640055656433
opt-125m,8,37,0.0005,0.8767463564872742
opt-125m,8,38,0.0005,0.8777008056640625
opt-125m,8,39,0.0005,0.8782953023910522
opt-125m,8,40,0.0005,0.8785770535469055
opt-125m,8,1,0.6506,0.6946821212768555
opt-125m,8,2,0.8091,0.6967400908470154
opt-125m,8,3,0.7418,0.7002524733543396
opt-125m,8,4,0.6273,0.705166220664978
opt-125m,8,5,0.5091,0.704771876335144
opt-125m,8,6,0.3704,0.6940616369247437
opt-125m,8,7,0.2783,0.6797481775283813
opt-125m,8,8,0.2284,0.6675063371658325
opt-125m,8,9,0.165,0.6551044583320618
opt-125m,8,10,0.1225,0.6439687013626099
opt-125m,8,11,0.0768,0.6349791288375854
opt-125m,8,12,0.0603,0.6279880404472351
opt-125m,8,13,0.0414,0.6225399374961853
opt-125m,8,14,0.0292,0.6192812323570251
opt-125m,8,15,0.0201,0.6160362958908081
opt-125m,8,16,0.0147,0.6135401725769043
opt-125m,8,17,0.013,0.6110462546348572
opt-125m,8,18,0.0083,0.6089695692062378
opt-125m,8,19,0.006,0.6069926023483276
opt-125m,8,20,0.0046,0.6061343550682068
opt-125m,8,21,0.0034,0.6054126024246216
opt-125m,8,22,0.0024,0.6049328446388245
opt-125m,8,23,0.0022,0.6043442487716675
opt-125m,8,24,0.002,0.6035681962966919
opt-125m,8,25,0.0017,0.6030932664871216
opt-125m,8,26,0.0014,0.6030707359313965
opt-125m,8,27,0.0013,0.6029840707778931
opt-125m,8,28,0.0013,0.6031221151351929
opt-125m,8,29,0.0009,0.6032475233078003
opt-125m,8,30,0.001,0.6033676862716675
opt-125m,8,31,0.0007,0.6035184860229492
opt-125m,8,32,0.0007,0.6037114858627319
opt-125m,8,33,0.0007,0.6039047837257385
opt-125m,8,34,0.0006,0.604084849357605
opt-125m,8,35,0.0008,0.6042032837867737
opt-125m,8,36,0.0006,0.604286789894104
opt-125m,8,37,0.0006,0.6043585538864136
opt-125m,8,38,0.0007,0.6044288277626038
opt-125m,8,39,0.0006,0.604483962059021
opt-125m,8,40,0.0006,0.6045035123825073
opt-125m,8,1,0.7134,0.6946821212768555
opt-125m,8,2,0.7931,0.7006272077560425
opt-125m,8,3,0.6129,0.7165569067001343
opt-125m,8,4,0.5217,0.7426775693893433
opt-125m,8,5,0.3999,0.7948452234268188
opt-125m,8,6,0.2374,0.8614414930343628
opt-125m,8,7,0.1906,0.9347527623176575
opt-125m,8,8,0.1054,1.017853021621704
opt-125m,8,9,0.0836,1.104417085647583
opt-125m,8,10,0.0577,1.1866073608398438
opt-125m,8,11,0.0368,1.2760076522827148
opt-125m,8,12,0.0278,1.3687770366668701
opt-125m,8,13,0.0181,1.4563480615615845
opt-125m,8,14,0.012,1.5486925840377808
opt-125m,8,15,0.0092,1.6338990926742554
opt-125m,8,16,0.0062,1.7169647216796875
opt-125m,8,17,0.004,1.7932428121566772
opt-125m,8,18,0.0036,1.859805703163147
opt-125m,8,19,0.0027,1.9193750619888306
opt-125m,8,20,0.0019,1.9726924896240234
opt-125m,8,21,0.0018,2.022683620452881
opt-125m,8,22,0.0014,2.0701353549957275
opt-125m,8,23,0.0011,2.11397385597229
opt-125m,8,24,0.0011,2.1531834602355957
opt-125m,8,25,0.0009,2.187988758087158
opt-125m,8,26,0.0009,2.218834400177002
opt-125m,8,27,0.0008,2.2457737922668457
opt-125m,8,28,0.0006,2.268993854522705
opt-125m,8,29,0.0005,2.28941011428833
opt-125m,8,30,0.0005,2.3069119453430176
opt-125m,8,31,0.0005,2.321990489959717
opt-125m,8,32,0.0005,2.3347556591033936
opt-125m,8,33,0.0004,2.3453497886657715
opt-125m,8,34,0.0005,2.35410737991333
opt-125m,8,35,0.0005,2.3611578941345215
opt-125m,8,36,0.0005,2.366912841796875
opt-125m,8,37,0.0006,2.3713011741638184
opt-125m,8,38,0.0005,2.3744120597839355
opt-125m,8,39,0.0004,2.3763480186462402
opt-125m,8,40,0.0004,2.377260208129883
opt-125m,8,1,0.7794,0.6946821212768555
opt-125m,8,2,0.7989,0.7026609778404236
opt-125m,8,3,0.7127,0.7215567827224731
opt-125m,8,4,0.5821,0.7511905431747437
opt-125m,8,5,0.4867,0.8008109331130981
opt-125m,8,6,0.2771,0.8543025851249695
opt-125m,8,7,0.2317,0.8931767344474792
opt-125m,8,8,0.1782,0.9200917482376099
opt-125m,8,9,0.1269,0.9333670735359192
opt-125m,8,10,0.0724,0.9361031651496887
opt-125m,8,11,0.0571,0.9345682263374329
opt-125m,8,12,0.0364,0.9395475387573242
opt-125m,8,13,0.0265,0.9523676037788391
opt-125m,8,14,0.0163,0.9738906025886536
opt-125m,8,15,0.0119,1.0032527446746826
opt-125m,8,16,0.0081,1.0362951755523682
opt-125m,8,17,0.0062,1.0662457942962646
opt-125m,8,18,0.0045,1.0927144289016724
opt-125m,8,19,0.0028,1.1171987056732178
opt-125m,8,20,0.0029,1.1402788162231445
opt-125m,8,21,0.0019,1.1595680713653564
opt-125m,8,22,0.0014,1.1771881580352783
opt-125m,8,23,0.0014,1.193294882774353
opt-125m,8,24,0.0014,1.2084581851959229
opt-125m,8,25,0.001,1.222285509109497
opt-125m,8,26,0.001,1.234492540359497
opt-125m,8,27,0.0008,1.245021104812622
opt-125m,8,28,0.0008,1.2543236017227173
opt-125m,8,29,0.0007,1.262357473373413
opt-125m,8,30,0.0007,1.2692689895629883
opt-125m,8,31,0.0007,1.274688482284546
opt-125m,8,32,0.0006,1.2791420221328735
opt-125m,8,33,0.0006,1.2828353643417358
opt-125m,8,34,0.0005,1.2859247922897339
opt-125m,8,35,0.0005,1.2883508205413818
opt-125m,8,36,0.0005,1.2901861667633057
opt-125m,8,37,0.0005,1.2914960384368896
opt-125m,8,38,0.0004,1.2924325466156006
opt-125m,8,39,0.0005,1.2930424213409424
opt-125m,8,40,0.0005,1.293316125869751
opt-125m,8,1,0.6938,0.6946821212768555
opt-125m,8,2,0.572,0.6950734853744507
opt-125m,8,3,0.565,0.6910876035690308
opt-125m,8,4,0.4402,0.6834575533866882
opt-125m,8,5,0.3812,0.6739621162414551
opt-125m,8,6,0.2298,0.6672145128250122
opt-125m,8,7,0.1529,0.6634887456893921
opt-125m,8,8,0.1013,0.6609596014022827
opt-125m,8,9,0.0647,0.6592956185340881
opt-125m,8,10,0.0584,0.659558892250061
opt-125m,8,11,0.0318,0.6616352796554565
opt-125m,8,12,0.0214,0.6641312837600708
opt-125m,8,13,0.0149,0.6641858816146851
opt-125m,8,14,0.0108,0.6617716550827026
opt-125m,8,15,0.0068,0.6585878133773804
opt-125m,8,16,0.0044,0.6551737785339355
opt-125m,8,17,0.0034,0.6517754793167114
opt-125m,8,18,0.0024,0.6488832235336304
opt-125m,8,19,0.0022,0.6464384198188782
opt-125m,8,20,0.0015,0.6446751356124878
opt-125m,8,21,0.0013,0.6436246633529663
opt-125m,8,22,0.001,0.6428424119949341
opt-125m,8,23,0.0009,0.6422648429870605
opt-125m,8,24,0.0006,0.6417245864868164
opt-125m,8,25,0.0006,0.6414802670478821
opt-125m,8,26,0.0006,0.6413899660110474
opt-125m,8,27,0.0006,0.6413413286209106
opt-125m,8,28,0.0004,0.641396164894104
opt-125m,8,29,0.0005,0.6415258646011353
opt-125m,8,30,0.0004,0.6416934728622437
opt-125m,8,31,0.0004,0.6418958306312561
opt-125m,8,32,0.0004,0.6421152353286743
opt-125m,8,33,0.0003,0.6422990560531616
opt-125m,8,34,0.0004,0.6424765586853027
opt-125m,8,35,0.0004,0.6426235437393188
opt-125m,8,36,0.0004,0.6427757143974304
opt-125m,8,37,0.0003,0.6428941488265991
opt-125m,8,38,0.0004,0.6429775953292847
opt-125m,8,39,0.0003,0.6430290341377258
opt-125m,8,40,0.0003,0.6430549025535583
opt-125m,16,1,0.6441,0.6946821212768555
opt-125m,16,2,0.6618,0.6821526288986206
opt-125m,16,3,0.5831,0.6662989854812622
opt-125m,16,4,0.4869,0.6598882675170898
opt-125m,16,5,0.437,0.6707046627998352
opt-125m,16,6,0.3601,0.6819096803665161
opt-125m,16,7,0.302,0.6855377554893494
opt-125m,16,8,0.2219,0.6838024854660034
opt-125m,16,9,0.1972,0.679521381855011
opt-125m,16,10,0.1504,0.6814688444137573
opt-125m,16,11,0.1152,0.6871141195297241
opt-125m,16,12,0.0954,0.6913155317306519
opt-125m,16,13,0.0782,0.6954747438430786
opt-125m,16,14,0.0573,0.7029074430465698
opt-125m,16,15,0.0381,0.7147406339645386
opt-125m,16,16,0.0293,0.7297605276107788
opt-125m,16,17,0.0228,0.748294472694397
opt-125m,16,18,0.0192,0.7697380781173706
opt-125m,16,19,0.0129,0.7989436388015747
opt-125m,16,20,0.012,0.8304168581962585
opt-125m,16,21,0.0068,0.8627052307128906
opt-125m,16,22,0.0058,0.8953415155410767
opt-125m,16,23,0.0044,0.9263221621513367
opt-125m,16,24,0.0034,0.9553670883178711
opt-125m,16,25,0.0032,0.9822593927383423
opt-125m,16,26,0.0024,1.0075968503952026
opt-125m,16,27,0.0021,1.030167579650879
opt-125m,16,28,0.0019,1.0491069555282593
opt-125m,16,29,0.0016,1.0660182237625122
opt-125m,16,30,0.0017,1.0804650783538818
opt-125m,16,31,0.0014,1.0925365686416626
opt-125m,16,32,0.0012,1.1026228666305542
opt-125m,16,33,0.0013,1.1103488206863403
opt-125m,16,34,0.0011,1.1164846420288086
opt-125m,16,35,0.0014,1.1211698055267334
opt-125m,16,36,0.0011,1.1247031688690186
opt-125m,16,37,0.0011,1.1273458003997803
opt-125m,16,38,0.0009,1.129224419593811
opt-125m,16,39,0.001,1.1304090023040771
opt-125m,16,40,0.0009,1.130968451499939
opt-125m,16,1,0.7225,0.6946821212768555
opt-125m,16,2,0.672,0.6983569860458374
opt-125m,16,3,0.6836,0.7058162093162537
opt-125m,16,4,0.5729,0.710351824760437
opt-125m,16,5,0.5186,0.7027820348739624
opt-125m,16,6,0.3937,0.6884816884994507
opt-125m,16,7,0.3085,0.6666613817214966
opt-125m,16,8,0.2154,0.6455153822898865
opt-125m,16,9,0.1629,0.6311179995536804
opt-125m,16,10,0.1182,0.6248220205307007
opt-125m,16,11,0.096,0.6257354021072388
opt-125m,16,12,0.0742,0.6231154203414917
opt-125m,16,13,0.0485,0.6188782453536987
opt-125m,16,14,0.0389,0.6137405633926392
opt-125m,16,15,0.0289,0.6091765761375427
opt-125m,16,16,0.0209,0.6044322848320007
opt-125m,16,17,0.0142,0.5998291969299316
opt-125m,16,18,0.01,0.5969276428222656
opt-125m,16,19,0.0071,0.5956516265869141
opt-125m,16,20,0.006,0.595603346824646
opt-125m,16,21,0.0057,0.5975073575973511
opt-125m,16,22,0.0039,0.6008106470108032
opt-125m,16,23,0.0036,0.6053386926651001
opt-125m,16,24,0.0027,0.6103835105895996
opt-125m,16,25,0.0024,0.6158851385116577
opt-125m,16,26,0.0019,0.6218429803848267
opt-125m,16,27,0.0018,0.6279048323631287
opt-125m,16,28,0.0013,0.6337926983833313
opt-125m,16,29,0.0013,0.639366090297699
opt-125m,16,30,0.0014,0.6441861987113953
opt-125m,16,31,0.0011,0.6484155654907227
opt-125m,16,32,0.001,0.6519690752029419
opt-125m,16,33,0.0009,0.6549710631370544
opt-125m,16,34,0.0009,0.6574081182479858
opt-125m,16,35,0.0009,0.6593030691146851
opt-125m,16,36,0.001,0.6608173251152039
opt-125m,16,37,0.0008,0.66193026304245
opt-125m,16,38,0.0009,0.6626363396644592
opt-125m,16,39,0.0009,0.6630347967147827
opt-125m,16,40,0.0008,0.6632139086723328
opt-125m,16,1,0.7704,0.6946821212768555
opt-125m,16,2,0.7608,0.6848158836364746
opt-125m,16,3,0.7025,0.671359658241272
opt-125m,16,4,0.6456,0.661259114742279
opt-125m,16,5,0.5849,0.6597114205360413
opt-125m,16,6,0.4441,0.6603215932846069
opt-125m,16,7,0.3452,0.6594211459159851
opt-125m,16,8,0.3032,0.6555391550064087
opt-125m,16,9,0.2195,0.6514768004417419
opt-125m,16,10,0.1678,0.6478782892227173
opt-125m,16,11,0.1269,0.6452603340148926
opt-125m,16,12,0.1061,0.642896294593811
opt-125m,16,13,0.0767,0.6415233016014099
opt-125m,16,14,0.0588,0.64210045337677
opt-125m,16,15,0.0419,0.6467585563659668
opt-125m,16,16,0.0345,0.652849555015564
opt-125m,16,17,0.0234,0.6631786227226257
opt-125m,16,18,0.019,0.6754539608955383
opt-125m,16,19,0.0137,0.6891015768051147
opt-125m,16,20,0.0111,0.7039686441421509
opt-125m,16,21,0.009,0.7191666960716248
opt-125m,16,22,0.0068,0.733904242515564
opt-125m,16,23,0.0054,0.7470163106918335
opt-125m,16,24,0.0042,0.7589826583862305
opt-125m,16,25,0.0032,0.7700468301773071
opt-125m,16,26,0.0033,0.7786582708358765
opt-125m,16,27,0.0027,0.7870396375656128
opt-125m,16,28,0.0024,0.7943042516708374
opt-125m,16,29,0.0021,0.8004733324050903
opt-125m,16,30,0.0017,0.8057387471199036
opt-125m,16,31,0.0016,0.8100534677505493
opt-125m,16,32,0.0014,0.8135889172554016
opt-125m,16,33,0.0013,0.8163573145866394
opt-125m,16,34,0.0013,0.8186901807785034
opt-125m,16,35,0.0011,0.8206015825271606
opt-125m,16,36,0.0013,0.8219617009162903
opt-125m,16,37,0.001,0.8230094909667969
opt-125m,16,38,0.0011,0.82374107837677
opt-125m,16,39,0.0011,0.8241721391677856
opt-125m,16,40,0.0012,0.824390709400177
opt-125m,16,1,0.6624,0.6946821212768555
opt-125m,16,2,0.648,0.7043670415878296
opt-125m,16,3,0.6461,0.7256784439086914
opt-125m,16,4,0.569,0.7608770132064819
opt-125m,16,5,0.4588,0.8005989193916321
opt-125m,16,6,0.3925,0.8244141340255737
opt-125m,16,7,0.2598,0.8367400169372559
opt-125m,16,8,0.1888,0.8522431254386902
opt-125m,16,9,0.1365,0.8676773905754089
opt-125m,16,10,0.1104,0.8900620341300964
opt-125m,16,11,0.08,0.9219134449958801
opt-125m,16,12,0.0571,0.9641388058662415
opt-125m,16,13,0.0469,1.0153052806854248
opt-125m,16,14,0.0294,1.0681774616241455
opt-125m,16,15,0.0247,1.1206166744232178
opt-125m,16,16,0.0142,1.1725753545761108
opt-125m,16,17,0.0117,1.221724510192871
opt-125m,16,18,0.0087,1.2633675336837769
opt-125m,16,19,0.0059,1.2972710132598877
opt-125m,16,20,0.005,1.3241932392120361
opt-125m,16,21,0.0037,1.3488643169403076
opt-125m,16,22,0.0032,1.3698465824127197
opt-125m,16,23,0.0027,1.3868238925933838
opt-125m,16,24,0.0021,1.4021512269973755
opt-125m,16,25,0.002,1.414259672164917
opt-125m,16,26,0.0017,1.4257744550704956
opt-125m,16,27,0.0014,1.4353415966033936
opt-125m,16,28,0.0013,1.4433555603027344
opt-125m,16,29,0.0012,1.450790286064148
opt-125m,16,30,0.0011,1.4569809436798096
opt-125m,16,31,0.0009,1.4626338481903076
opt-125m,16,32,0.0009,1.4673271179199219
opt-125m,16,33,0.0009,1.470902681350708
opt-125m,16,34,0.0009,1.4741566181182861
opt-125m,16,35,0.0008,1.4768040180206299
opt-125m,16,36,0.0008,1.4789488315582275
opt-125m,16,37,0.0008,1.4805606603622437
opt-125m,16,38,0.0007,1.481807827949524
opt-125m,16,39,0.0009,1.4825862646102905
opt-125m,16,40,0.0007,1.4829304218292236
opt-125m,16,1,0.7848,0.6946821212768555
opt-125m,16,2,0.7686,0.7066788077354431
opt-125m,16,3,0.6852,0.7339816093444824
opt-125m,16,4,0.5951,0.775309681892395
opt-125m,16,5,0.4829,0.8192452192306519
opt-125m,16,6,0.4352,0.8377552032470703
opt-125m,16,7,0.3607,0.8332496881484985
opt-125m,16,8,0.2632,0.812900722026825
opt-125m,16,9,0.1863,0.7860449552536011
opt-125m,16,10,0.1591,0.7627197504043579
opt-125m,16,11,0.1111,0.7517669796943665
opt-125m,16,12,0.0845,0.7502699494361877
opt-125m,16,13,0.0637,0.7573568224906921
opt-125m,16,14,0.0562,0.7740486860275269
opt-125m,16,15,0.0331,0.8019407391548157
opt-125m,16,16,0.0251,0.8352723121643066
opt-125m,16,17,0.0204,0.8651036024093628
opt-125m,16,18,0.0118,0.8982933163642883
opt-125m,16,19,0.0093,0.9329525828361511
opt-125m,16,20,0.007,0.9654027819633484
opt-125m,16,21,0.0054,0.9929546117782593
opt-125m,16,22,0.004,1.0189993381500244
opt-125m,16,23,0.0035,1.0424244403839111
opt-125m,16,24,0.0029,1.0630409717559814
opt-125m,16,25,0.0026,1.0807039737701416
opt-125m,16,26,0.0021,1.0965855121612549
opt-125m,16,27,0.0017,1.1111027002334595
opt-125m,16,28,0.0015,1.1236927509307861
opt-125m,16,29,0.0015,1.1342246532440186
opt-125m,16,30,0.0012,1.1429884433746338
opt-125m,16,31,0.0013,1.1505544185638428
opt-125m,16,32,0.0011,1.1568725109100342
opt-125m,16,33,0.0009,1.1625549793243408
opt-125m,16,34,0.0011,1.1673104763031006
opt-125m,16,35,0.001,1.1712706089019775
opt-125m,16,36,0.001,1.1744167804718018
opt-125m,16,37,0.0009,1.1767570972442627
opt-125m,16,38,0.0007,1.178464651107788
opt-125m,16,39,0.0009,1.1794803142547607
opt-125m,16,40,0.0008,1.1799466609954834
opt-125m,16,1,0.6967,0.6946821212768555
opt-125m,16,2,0.7026,0.6798368692398071
opt-125m,16,3,0.653,0.6636451482772827
opt-125m,16,4,0.5787,0.6655565500259399
opt-125m,16,5,0.4529,0.6964908838272095
opt-125m,16,6,0.3984,0.7322229146957397
opt-125m,16,7,0.3097,0.7567567229270935
opt-125m,16,8,0.2638,0.7679413557052612
opt-125m,16,9,0.2152,0.7677755951881409
opt-125m,16,10,0.1584,0.7602993249893188
opt-125m,16,11,0.1057,0.7490435242652893
opt-125m,16,12,0.0957,0.7408466935157776
opt-125m,16,13,0.0649,0.7415562272071838
opt-125m,16,14,0.049,0.7507627606391907
opt-125m,16,15,0.0377,0.769370436668396
opt-125m,16,16,0.0301,0.8003090023994446
opt-125m,16,17,0.0226,0.844362735748291
opt-125m,16,18,0.0159,0.9021990895271301
opt-125m,16,19,0.0151,0.9690467119216919
opt-125m,16,20,0.0101,1.0393344163894653
opt-125m,16,21,0.0075,1.1099735498428345
opt-125m,16,22,0.0054,1.1778771877288818
opt-125m,16,23,0.0049,1.242217779159546
opt-125m,16,24,0.0038,1.2991247177124023
opt-125m,16,25,0.0029,1.3495770692825317
opt-125m,16,26,0.0027,1.3939931392669678
opt-125m,16,27,0.0023,1.4334723949432373
opt-125m,16,28,0.0019,1.4682825803756714
opt-125m,16,29,0.0018,1.4981763362884521
opt-125m,16,30,0.0017,1.5237141847610474
opt-125m,16,31,0.0013,1.5453135967254639
opt-125m,16,32,0.0016,1.5632264614105225
opt-125m,16,33,0.0015,1.577683687210083
opt-125m,16,34,0.0012,1.5892659425735474
opt-125m,16,35,0.0011,1.598435401916504
opt-125m,16,36,0.001,1.6055055856704712
opt-125m,16,37,0.001,1.610788106918335
opt-125m,16,38,0.001,1.6143810749053955
opt-125m,16,39,0.0011,1.616642713546753
opt-125m,16,40,0.0011,1.6176879405975342
opt-125m,16,1,0.6953,0.6946821212768555
opt-125m,16,2,0.6584,0.7026439905166626
opt-125m,16,3,0.6534,0.7161697149276733
opt-125m,16,4,0.5686,0.7372772097587585
opt-125m,16,5,0.452,0.761443018913269
opt-125m,16,6,0.3914,0.7637496590614319
opt-125m,16,7,0.2714,0.7597068548202515
opt-125m,16,8,0.258,0.7482208013534546
opt-125m,16,9,0.1692,0.7399864196777344
opt-125m,16,10,0.1466,0.7320106625556946
opt-125m,16,11,0.098,0.7272624969482422
opt-125m,16,12,0.0806,0.7269290685653687
opt-125m,16,13,0.0552,0.733709454536438
opt-125m,16,14,0.0419,0.7476783990859985
opt-125m,16,15,0.0324,0.7690967321395874
opt-125m,16,16,0.0245,0.7941041588783264
opt-125m,16,17,0.0193,0.8161523938179016
opt-125m,16,18,0.0132,0.8359562754631042
opt-125m,16,19,0.0108,0.854406476020813
opt-125m,16,20,0.0077,0.8695892095565796
opt-125m,16,21,0.006,0.8821350932121277
opt-125m,16,22,0.005,0.8914079666137695
opt-125m,16,23,0.0041,0.8985525965690613
opt-125m,16,24,0.0031,0.9045594334602356
opt-125m,16,25,0.0031,0.9088115692138672
opt-125m,16,26,0.0022,0.9125716090202332
opt-125m,16,27,0.0022,0.9155588150024414
opt-125m,16,28,0.002,0.9168822169303894
opt-125m,16,29,0.0017,0.9175348281860352
opt-125m,16,30,0.0017,0.9174811244010925
opt-125m,16,31,0.0015,0.9171388745307922
opt-125m,16,32,0.0015,0.9172051548957825
opt-125m,16,33,0.0014,0.9171326756477356
opt-125m,16,34,0.0011,0.916958212852478
opt-125m,16,35,0.0012,0.9167473912239075
opt-125m,16,36,0.0011,0.9164606928825378
opt-125m,16,37,0.001,0.9161583781242371
opt-125m,16,38,0.0011,0.9159248471260071
opt-125m,16,39,0.0011,0.9157622456550598
opt-125m,16,40,0.0012,0.9156656265258789
opt-125m,16,1,0.7724,0.6946821212768555
opt-125m,16,2,0.8112,0.7118457555770874
opt-125m,16,3,0.6908,0.7553604245185852
opt-125m,16,4,0.5983,0.8428598642349243
opt-125m,16,5,0.5276,0.9706096649169922
opt-125m,16,6,0.4563,1.0643566846847534
opt-125m,16,7,0.4539,1.117780327796936
opt-125m,16,8,0.3886,1.1335598230361938
opt-125m,16,9,0.312,1.1240208148956299
opt-125m,16,10,0.2353,1.102318525314331
opt-125m,16,11,0.1829,1.0721290111541748
opt-125m,16,12,0.1387,1.0406959056854248
opt-125m,16,13,0.1162,1.0119140148162842
opt-125m,16,14,0.0936,0.987079918384552
opt-125m,16,15,0.07,0.9760845303535461
opt-125m,16,16,0.0603,0.9807302355766296
opt-125m,16,17,0.0488,0.9982353448867798
opt-125m,16,18,0.0397,1.0279862880706787
opt-125m,16,19,0.0309,1.0638067722320557
opt-125m,16,20,0.0233,1.1091301441192627
opt-125m,16,21,0.0174,1.1607801914215088
opt-125m,16,22,0.0154,1.214170217514038
opt-125m,16,23,0.0103,1.2695199251174927
opt-125m,16,24,0.008,1.3240824937820435
opt-125m,16,25,0.0066,1.3750154972076416
opt-125m,16,26,0.0053,1.4231688976287842
opt-125m,16,27,0.0048,1.4660297632217407
opt-125m,16,28,0.0044,1.5056402683258057
opt-125m,16,29,0.0035,1.5391179323196411
opt-125m,16,30,0.0032,1.5682170391082764
opt-125m,16,31,0.0023,1.5934007167816162
opt-125m,16,32,0.0024,1.6141964197158813
opt-125m,16,33,0.0022,1.6317371129989624
opt-125m,16,34,0.0023,1.6460778713226318
opt-125m,16,35,0.0022,1.6576398611068726
opt-125m,16,36,0.0017,1.6666723489761353
opt-125m,16,37,0.0019,1.6733543872833252
opt-125m,16,38,0.0018,1.6778995990753174
opt-125m,16,39,0.0018,1.6806312799453735
opt-125m,16,40,0.0017,1.6818962097167969
opt-125m,16,1,0.6543,0.6946821212768555
opt-125m,16,2,0.6443,0.6922664642333984
opt-125m,16,3,0.5806,0.6898060441017151
opt-125m,16,4,0.5694,0.6883994340896606
opt-125m,16,5,0.4611,0.6873880624771118
opt-125m,16,6,0.3739,0.6822000741958618
opt-125m,16,7,0.2966,0.6801409721374512
opt-125m,16,8,0.1862,0.6790314316749573
opt-125m,16,9,0.1569,0.6798297762870789
opt-125m,16,10,0.1195,0.6818451881408691
opt-125m,16,11,0.092,0.6862121820449829
opt-125m,16,12,0.063,0.6939598321914673
opt-125m,16,13,0.0475,0.69969642162323
opt-125m,16,14,0.0356,0.7023376822471619
opt-125m,16,15,0.0264,0.7036858797073364
opt-125m,16,16,0.0195,0.7035829424858093
opt-125m,16,17,0.0133,0.7016692757606506
opt-125m,16,18,0.0108,0.6986595392227173
opt-125m,16,19,0.0077,0.6953325271606445
opt-125m,16,20,0.0059,0.6934109330177307
opt-125m,16,21,0.0048,0.6926513314247131
opt-125m,16,22,0.0038,0.6932324171066284
opt-125m,16,23,0.0029,0.6946640014648438
opt-125m,16,24,0.0027,0.696168065071106
opt-125m,16,25,0.0024,0.6973043084144592
opt-125m,16,26,0.0017,0.6982599496841431
opt-125m,16,27,0.0018,0.6990665793418884
opt-125m,16,28,0.0015,0.6997858285903931
opt-125m,16,29,0.0014,0.7004379034042358
opt-125m,16,30,0.0013,0.701168954372406
opt-125m,16,31,0.0012,0.701839804649353
opt-125m,16,32,0.001,0.7024999856948853
opt-125m,16,33,0.001,0.7030391097068787
opt-125m,16,34,0.001,0.7035475969314575
opt-125m,16,35,0.0011,0.7039917707443237
opt-125m,16,36,0.001,0.7043958902359009
opt-125m,16,37,0.0009,0.704748272895813
opt-125m,16,38,0.001,0.7050094604492188
opt-125m,16,39,0.0009,0.7051952481269836
opt-125m,16,40,0.0009,0.7052959203720093
opt-125m,16,1,0.7237,0.6946821212768555
opt-125m,16,2,0.6956,0.6793769598007202
opt-125m,16,3,0.5948,0.6627253293991089
opt-125m,16,4,0.5447,0.6650150418281555
opt-125m,16,5,0.4779,0.6967560052871704
opt-125m,16,6,0.4021,0.7304900884628296
opt-125m,16,7,0.3039,0.7487152814865112
opt-125m,16,8,0.2611,0.7516480088233948
opt-125m,16,9,0.2145,0.7410520315170288
opt-125m,16,10,0.1534,0.7243841886520386
opt-125m,16,11,0.1362,0.7048840522766113
opt-125m,16,12,0.1123,0.6899709701538086
opt-125m,16,13,0.0965,0.6770321130752563
opt-125m,16,14,0.0631,0.6695276498794556
opt-125m,16,15,0.0548,0.6671117544174194
opt-125m,16,16,0.0403,0.6699238419532776
opt-125m,16,17,0.0309,0.6789497137069702
opt-125m,16,18,0.0235,0.6938854455947876
opt-125m,16,19,0.0154,0.7156141996383667
opt-125m,16,20,0.0123,0.7437354326248169
opt-125m,16,21,0.0098,0.7771576642990112
opt-125m,16,22,0.0067,0.8145751953125
opt-125m,16,23,0.0055,0.8538570404052734
opt-125m,16,24,0.0042,0.8931552171707153
opt-125m,16,25,0.0039,0.9301825761795044
opt-125m,16,26,0.003,0.9651201963424683
opt-125m,16,27,0.0026,0.9977561235427856
opt-125m,16,28,0.0018,1.0282689332962036
opt-125m,16,29,0.002,1.0554497241973877
opt-125m,16,30,0.0019,1.0790064334869385
opt-125m,16,31,0.0016,1.0993949174880981
opt-125m,16,32,0.0016,1.1162197589874268
opt-125m,16,33,0.0015,1.1304738521575928
opt-125m,16,34,0.0012,1.1422313451766968
opt-125m,16,35,0.001,1.151699423789978
opt-125m,16,36,0.0012,1.158948540687561
opt-125m,16,37,0.001,1.1643238067626953
opt-125m,16,38,0.0011,1.1680152416229248
opt-125m,16,39,0.001,1.1703546047210693
opt-125m,16,40,0.001,1.1714556217193604
